candidate_id,true_task_class,predicted_task_class,p_logic,p_causality,p_analogy,p_definition,correct
SRC-LOG-006,logic,causality,0.24459997115561993,0.26906029115914515,0.2540143313420562,0.23232540634317875,False
SRC-LOG-011,logic,logic,0.2823909898561311,0.24549684148573392,0.25905759222477265,0.21305457643336237,True
SRC-LOG-012,logic,causality,0.25913314499911994,0.27313777058174743,0.25581433825862215,0.2119147461605105,False
SRC-LOG-013,logic,analogy,0.2500225344889883,0.26088143278558834,0.28150686446410683,0.20758916826131654,False
SRC-LOG-014,logic,analogy,0.23963383407627084,0.2559995720735414,0.29695317296292256,0.20741342088726522,False
SRC-LOG-015,logic,analogy,0.24236022242695143,0.2448858790882339,0.3116604853271287,0.20109341315768597,False
SRC-LOG-018,logic,definition,0.23156487792740213,0.22777456289842277,0.256332869725591,0.2843276894485841,False
SRC-LOG-021,logic,analogy,0.22467135623695617,0.23074790158131137,0.3002465499171218,0.24433419226461073,False
SRC-CAU-001,causality,definition,0.20290194722376373,0.25149735133340295,0.23988022950809237,0.305720471934741,False
SRC-CAU-003,causality,logic,0.2736973159161868,0.2542190776835776,0.2712457592887447,0.20083784711149089,False
SRC-CAU-004,causality,causality,0.15821901115860468,0.43794806149785837,0.20681889108425514,0.19701403625928177,True
SRC-CAU-006,causality,analogy,0.20427880638569293,0.2556599776208153,0.32439198234538735,0.21566923364810436,False
SRC-CAU-007,causality,analogy,0.18668907100833765,0.2591056215564692,0.36577447450650735,0.18843083292868576,False
SRC-CAU-008,causality,definition,0.23575438375200444,0.24669634638441473,0.2502798177831492,0.26726945208043157,False
SRC-CAU-009,causality,causality,0.19755999967470936,0.33356834441914945,0.25922939824472135,0.2096422576614199,True
SRC-CAU-010,causality,causality,0.17158999380178422,0.4140358465848631,0.26601257376265464,0.14836158585069795,True
SRC-CAU-011,causality,analogy,0.20044633839172066,0.2928068387852165,0.3000246038236494,0.20672221899941337,False
SRC-CAU-012,causality,analogy,0.2494054645165655,0.25998561640445716,0.30877778436365594,0.18183113471532142,False
SRC-CAU-013,causality,causality,0.22757698952584782,0.33805474391238,0.2789226948473983,0.1554455717143739,True
SRC-CAU-014,causality,analogy,0.2385074789787302,0.24740430566683466,0.32784821558416244,0.18623999977027275,False
SRC-CAU-015,causality,analogy,0.21114040626053096,0.28339611216611715,0.34896656590537667,0.15649691566797533,False
SRC-CAU-016,causality,logic,0.35780613864641814,0.2683872961527075,0.21370988150814382,0.16009668369273053,False
SRC-CAU-019,causality,causality,0.20181667614828122,0.2999369077490917,0.29787818320895587,0.20036823289367123,True
SRC-CAU-020,causality,logic,0.27315348560007147,0.25322014289217054,0.2560041555068187,0.21762221600093928,False
SRC-CAU-021,causality,analogy,0.21130000505070703,0.2855802499804343,0.31291883460642256,0.19020091036243608,False
SRC-CAU-022,causality,analogy,0.24249597495485214,0.26526114108910687,0.2695813496736158,0.2226615342824251,False
SRC-CAU-023,causality,causality,0.2580018797345408,0.2640032303772988,0.2634517794791512,0.21454311040900922,True
SRC-CAU-025,causality,analogy,0.2091723622170895,0.26338431320925976,0.29803707758722003,0.22940624698643078,False
SRC-DEF-001,definition,analogy,0.19228020493005668,0.2632815210557426,0.2995302835153215,0.2449079904988793,False
SRC-DEF-002,definition,causality,0.19397317103560013,0.3263956745366247,0.24629414046266146,0.2333370139651137,False
SRC-DEF-003,definition,definition,0.19803371578111276,0.263949732698251,0.2165408191831542,0.3214757323374821,True
SRC-DEF-005,definition,definition,0.2634363084412019,0.2073815221536792,0.23918639411971543,0.28999577528540355,True
SRC-DEF-006,definition,definition,0.18847279617699006,0.21439782467774401,0.2774493853249342,0.31967999382033174,True
SRC-DEF-008,definition,logic,0.3490042815158826,0.20920040240056675,0.22596129624586198,0.21583401983768874,False
SRC-DEF-009,definition,causality,0.21292064185957438,0.3158848126416916,0.2222166987731296,0.24897784672560436,False
SRC-DEF-010,definition,causality,0.17593475537420356,0.3186424294776151,0.242549006016145,0.2628738091320363,False
SRC-DEF-011,definition,analogy,0.18914647550652083,0.18366928519920925,0.32058691254706057,0.3065973267472093,False
SRC-DEF-013,definition,analogy,0.18002964234177074,0.2392962614370297,0.42512980591198574,0.1555442903092138,False
SRC-DEF-015,definition,analogy,0.22265866749348318,0.20119573696074233,0.3316872534629594,0.2444583420828151,False
SRC-DEF-016,definition,definition,0.1966060318221802,0.19542425012003894,0.25031525085352974,0.35765446720425115,True
SRC-DEF-017,definition,analogy,0.1890464575921699,0.2313099839660493,0.2929105553824507,0.28673300305933,False
SRC-DEF-018,definition,definition,0.21472983468118534,0.25733357297396536,0.24577634698761994,0.28216024535722933,True
SRC-DEF-019,definition,definition,0.2243566401462172,0.2326186642888469,0.2598849161276326,0.2831397794373034,True
SRC-DEF-020,definition,causality,0.1249695521205739,0.489357641110666,0.22268267116125884,0.1629901356075014,False
SRC-DEF-021,definition,definition,0.18787739760189173,0.2770308870661503,0.22210934536307997,0.31298236996887796,True
SRC-DEF-022,definition,definition,0.17715375443491294,0.26669822434651624,0.2667480443123308,0.28939997690624003,True
SRC-DEF-023,definition,analogy,0.21300908592577866,0.19974429234478458,0.32502105985412694,0.2622255618753098,False
SRC-DEF-025,definition,causality,0.16134879107532124,0.49480707736905694,0.17326056898587275,0.17058356256974908,False
SRC-ANA-001,analogy,causality,0.20254949534168723,0.29844108539041736,0.276128544700495,0.22288087456740038,False
SRC-ANA-002,analogy,analogy,0.20245203696061095,0.24714773257131498,0.39684159915334977,0.15355863131472428,True
SRC-ANA-003,analogy,analogy,0.20191317355966415,0.22292720806534352,0.39436833233586793,0.18079128603912445,True
SRC-ANA-004,analogy,analogy,0.2309242753234293,0.2701338022883077,0.275746516950172,0.22319540543809105,True
SRC-ANA-005,analogy,analogy,0.23345420494656088,0.22068394223784332,0.3547267492537522,0.19113510356184354,True
SRC-ANA-006,analogy,analogy,0.17337982314581848,0.19599573127235784,0.4750936422823696,0.15553080329945407,True
SRC-ANA-007,analogy,analogy,0.20673324814904573,0.2507937117583664,0.375548404708571,0.1669246353840169,True
SRC-ANA-008,analogy,analogy,0.1848141009327393,0.30654342577218613,0.3215493201176533,0.18709315317742123,True
SRC-ANA-009,analogy,analogy,0.18277412476600483,0.23351690635276484,0.33379712195760464,0.24991184692362578,True
SRC-ANA-010,analogy,analogy,0.17699632532938644,0.18283475082056835,0.4797386913145065,0.1604302325355386,True
SRC-ANA-011,analogy,analogy,0.19153711897181916,0.2353985481793081,0.3946516191998493,0.17841271364902336,True
SRC-ANA-012,analogy,analogy,0.193340446690744,0.22929608314164987,0.4226756059090935,0.15468786425851266,True
SRC-ANA-013,analogy,analogy,0.2501666112039413,0.25580306599196834,0.27752075532389964,0.21650956748019073,True
SRC-ANA-014,analogy,analogy,0.25009419593513216,0.21854370689991173,0.39983881093512436,0.13152328622983178,True
SRC-ANA-016,analogy,analogy,0.2361201409910744,0.19885263041021659,0.4204332833493864,0.1445939452493225,True
SRC-ANA-017,analogy,definition,0.27158489440155537,0.17926067916592245,0.2573137559582979,0.2918406704742242,False
SRC-ANA-018,analogy,analogy,0.17316619781870107,0.21026999472220984,0.4070059031744466,0.2095579042846424,True
SRC-ANA-019,analogy,analogy,0.2042600782037682,0.20588351671609093,0.4164583251613621,0.1733980799187787,True
SRC-ANA-020,analogy,analogy,0.21126237409148357,0.22220636453604714,0.37497283156934463,0.19155842980312443,True
SRC-ANA-021,analogy,analogy,0.2009285701614183,0.200375425733803,0.45102313056076754,0.14767287354401118,True
SRC-ANA-022,analogy,causality,0.21607266798933508,0.3101642607260748,0.22818495146003268,0.24557811982455738,False
SRC-ANA-023,analogy,analogy,0.22135946214970323,0.23116617973873949,0.35430402202352834,0.19317033608802886,True
SRC-ANA-024,analogy,analogy,0.24304388424008377,0.19365298528736455,0.40086495848374776,0.16243817198880403,True
SRC-ANA-025,analogy,analogy,0.21521542417166534,0.28536113340778946,0.3018827916173263,0.1975406508032189,True
GAP-LOG-001,logic,logic,0.3007871400078437,0.22067445671034022,0.2587645157163652,0.2197738875654509,True
GAP-LOG-002,logic,logic,0.3536492409972728,0.1898033876421085,0.2147231241914947,0.241824247169124,True
GAP-LOG-004,logic,definition,0.2109417501033584,0.21665289571442833,0.26078075640410503,0.31162459777810825,False
GAP-LOG-006,logic,definition,0.16684877762742276,0.16891424381672968,0.1844115295407847,0.47982544901506285,False
GAP-LOG-007,logic,analogy,0.22624772821425426,0.23050781429227374,0.32029097906068194,0.22295347843279004,False
GAP-LOG-008,logic,analogy,0.21332568661611795,0.2242870432289884,0.30268454291966185,0.25970272723523163,False
GAP-LOG-009,logic,analogy,0.255099206113008,0.27443810196772556,0.27810872887433946,0.192353963044927,False
GAP-LOG-010,logic,logic,0.3698349518927113,0.22829532010244988,0.2835359690853609,0.11833375891947784,True
GAP-LOG-011,logic,logic,0.3019131206937685,0.21811433305714226,0.26652009093301865,0.2134524553160706,True
GAP-LOG-012,logic,definition,0.14642838230851465,0.16651794978181647,0.2277416688271886,0.45931199908248027,False
GAP-LOG-013,logic,definition,0.2329827010343366,0.1704987928812591,0.211847427005671,0.3846710790787332,False
GAP-LOG-014,logic,analogy,0.2620976011176173,0.23870845058854093,0.34651973383046675,0.152674214463375,False
GAP-LOG-015,logic,analogy,0.23855453753191036,0.2123217044339412,0.3542800430759841,0.1948437149581644,False
GAP-LOG-016,logic,analogy,0.2121821753508397,0.17423465782283354,0.30969687243818095,0.30388629438814574,False
GAP-LOG-017,logic,analogy,0.21352561092741917,0.23481497415373406,0.3179610901371015,0.23369832478174532,False
GAP-LOG-018,logic,definition,0.20319335535186597,0.2565688252612425,0.25237708606294024,0.28786073332395123,False
GAP-LOG-019,logic,definition,0.16574497807935595,0.17794787970291537,0.22806812261430245,0.4282390196034263,False
GAP-LOG-020,logic,definition,0.11584021123483645,0.11980016215577077,0.1699401210297142,0.5944195055796784,False
GAP-LOG-021,logic,definition,0.18243238080850888,0.1870441779322892,0.2017641960086355,0.42875924525056647,False
GAP-LOG-022,logic,definition,0.2514442134284042,0.18485762986760218,0.19866247140262486,0.3650356853013689,False
GAP-LOG-023,logic,definition,0.15794324381123184,0.2001843554165124,0.23373406297985613,0.40813833779239966,False
GAP-LOG-024,logic,logic,0.3362476411377929,0.2115916725290413,0.2969284043990034,0.1552322819341625,True
GAP-LOG-025,logic,causality,0.24382439263128092,0.27276799453703626,0.26356499676692735,0.21984261606475544,False
GAP-LOG-026,logic,definition,0.20882611802829434,0.22287492443441398,0.21247194626515484,0.3558270112721368,False
GAP-LOG-027,logic,logic,0.33059564483576326,0.2242801930814529,0.23421930868336138,0.21090485339942247,True
GAP-LOG-028,logic,causality,0.287142095566585,0.3259035654185296,0.21346300629013495,0.1734913327247505,False
GAP-LOG-029,logic,analogy,0.28823881248030847,0.2665011913972134,0.3017739928675324,0.14348600325494576,False
GAP-LOG-030,logic,logic,0.35312681129029283,0.2392613097205631,0.26658532226834086,0.14102655672080325,True
GAP-LOG-031,logic,causality,0.2503176924363144,0.2746491440312174,0.24558170746032357,0.2294514560721447,False
GAP-LOG-032,logic,analogy,0.20331649513478872,0.2905193645388874,0.3206214310885829,0.1855427092377411,False
GAP-LOG-034,logic,definition,0.21601534503804928,0.20606598347424682,0.2835535700256827,0.29436510146202116,False
GAP-LOG-035,logic,causality,0.24807619186478105,0.35900566641741805,0.2300546899438785,0.1628634517739223,False
GAP-LOG-037,logic,logic,0.30403267210403917,0.24812186947800832,0.2763274593625953,0.17151799905535725,True
GAP-LOG-038,logic,analogy,0.20960035332674395,0.2910321016999302,0.3116350701269772,0.18773247484634872,False
GAP-LOG-039,logic,logic,0.34443411820936604,0.22745098667115574,0.24273126325554242,0.18538363186393586,True
GAP-LOG-040,logic,logic,0.3312402461530493,0.22950464838797655,0.2514449272009289,0.18781017825804527,True
GAP-LOG-041,logic,logic,0.30782552641932714,0.18164367862012765,0.29403897792511985,0.2164918170354254,True
GAP-LOG-042,logic,causality,0.20480997319931632,0.3438421954428602,0.27823880137611856,0.173109029981705,False
GAP-CAU-001,causality,logic,0.3061709088614666,0.26248501385870443,0.30401955977617395,0.12732451750365503,False
GAP-CAU-002,causality,analogy,0.2594427285236621,0.2597052493833681,0.26999763314119835,0.21085438895177153,False
GAP-CAU-003,causality,analogy,0.2319938159716952,0.24802574167946048,0.3012865370229366,0.21869390532590768,False
GAP-CAU-004,causality,logic,0.29929406266659847,0.23454512523599083,0.22984933578611808,0.2363114763112926,False
GAP-CAU-005,causality,causality,0.27062407839543423,0.3194505623606364,0.2268747588444459,0.1830506003994835,True
GAP-CAU-006,causality,analogy,0.24737602070131828,0.2557459038181916,0.3169812110492483,0.17989686443124184,False
GAP-CAU-007,causality,causality,0.1897932120574171,0.4315187966474539,0.20336861862938177,0.1753193726657472,True
GAP-CAU-008,causality,analogy,0.25760528739697847,0.2422713024994813,0.2942633778574744,0.20586003224606578,False
GAP-CAU-009,causality,analogy,0.2872626707301032,0.2729684100289671,0.3055870938389908,0.13418182540193901,False
GAP-CAU-010,causality,analogy,0.25021486549824073,0.2555894032870223,0.2654831911338481,0.22871254008088884,False
GAP-CAU-011,causality,analogy,0.24035694051383089,0.2616384333937691,0.2695070853947094,0.22849754069769065,False
GAP-CAU-012,causality,causality,0.2570404614805584,0.31065290424111625,0.24075194294576358,0.1915546913325618,True
GAP-CAU-013,causality,analogy,0.23599642438579682,0.23067029872389816,0.3361428823783453,0.1971903945119598,False
GAP-CAU-015,causality,analogy,0.25875913875176304,0.24063342831550696,0.3169419838627762,0.18366544906995388,False
GAP-CAU-016,causality,definition,0.2402553689362197,0.24533559735693675,0.2449576718573223,0.26945136184952123,False
GAP-CAU-017,causality,definition,0.1903959912365235,0.22664619802320954,0.2046925945040734,0.3782652162361935,False
GAP-CAU-018,causality,logic,0.31995140694879703,0.2308101190720317,0.2918140429188581,0.15742443106031315,False
GAP-CAU-019,causality,analogy,0.22498610337977798,0.22595038385448146,0.35339258353185515,0.19567092923388535,False
GAP-CAU-020,causality,analogy,0.2557746086974407,0.25331456913214206,0.27666189429831994,0.21424892787209732,False
GAP-CAU-021,causality,analogy,0.24734859886913102,0.2684051356294141,0.27751040312194364,0.20673586237951128,False
GAP-CAU-022,causality,analogy,0.24181074534153627,0.26583533256997754,0.2721117644151433,0.22024215767334285,False
GAP-CAU-024,causality,causality,0.2233205421763081,0.41969070744229475,0.19658760622980753,0.1604011441515896,True
GAP-CAU-025,causality,logic,0.42223983499619383,0.1955016288838284,0.2113027151148984,0.17095582100507942,False
GAP-CAU-026,causality,analogy,0.2825990609052492,0.2514967887441316,0.3347561867021228,0.13114796364849635,False
GAP-CAU-027,causality,causality,0.22288041361707736,0.3144784740428302,0.2462697645431389,0.21637134779695347,True
GAP-CAU-028,causality,causality,0.19895385206768923,0.3009240737332094,0.275859761539662,0.2242623126594393,True
GAP-CAU-029,causality,causality,0.1604307308651685,0.5127860744702566,0.17811627824025741,0.1486669164243175,True
GAP-CAU-030,causality,analogy,0.2529506052095198,0.25883404449371866,0.2694541180296172,0.21876123226714442,False
GAP-ANA-001,analogy,analogy,0.17600442312589265,0.23094510157148668,0.3612760637656736,0.23177441153694714,True
GAP-ANA-002,analogy,analogy,0.21939026617355162,0.2293145489624481,0.36001781767847335,0.19127736718552701,True
GAP-ANA-003,analogy,analogy,0.19712536167587388,0.23002286948083484,0.3759377047701524,0.1969140640731388,True
GAP-ANA-004,analogy,analogy,0.22252363795118366,0.2154754147711878,0.36785000956186614,0.19415093771576233,True
GAP-ANA-005,analogy,analogy,0.2159012855401069,0.2371469586497927,0.34396579323534104,0.20298596257475932,True
GAP-ANA-006,analogy,analogy,0.21882255092072345,0.22679119005473766,0.36471703248606074,0.18966922653847806,True
GAP-ANA-007,analogy,analogy,0.24703311886885226,0.21100841804877693,0.35342976566642753,0.18852869741594322,True
GAP-ANA-008,analogy,analogy,0.18731425234994545,0.1761859918922743,0.42406559252450027,0.21243416323328002,True
GAP-ANA-009,analogy,analogy,0.17263218384935705,0.17002859517285832,0.5034856501248218,0.1538535708529629,True
GAP-ANA-010,analogy,definition,0.1943940340103998,0.21562656445279302,0.2866518496671862,0.30332755186962085,False
GAP-ANA-011,analogy,analogy,0.17849269068735982,0.1968376728905527,0.37942320306190713,0.24524643336018037,True
GAP-ANA-012,analogy,logic,0.3585650259755791,0.18424804987572466,0.2990028103376862,0.15818411381100997,False
GAP-ANA-013,analogy,analogy,0.22563231482131235,0.18233278832895156,0.34856661463849437,0.24346828221124173,True
GAP-ANA-014,analogy,causality,0.24275359102923455,0.3742931589691146,0.23374770874444292,0.14920554125720797,False
GAP-ANA-015,analogy,causality,0.23597688507789413,0.29544979211319206,0.29174043653127923,0.17683288627763455,False
GAP-ANA-016,analogy,analogy,0.21085698398774896,0.21873846712669642,0.37604307376032337,0.1943614751252313,True
GAP-ANA-017,analogy,causality,0.16572793173694636,0.37311096231531726,0.294690514074732,0.1664705918730042,False
GAP-ANA-018,analogy,analogy,0.17379404160458126,0.19605493049786224,0.4733142801690688,0.1568367477284877,True
GAP-ANA-019,analogy,analogy,0.22056002320098123,0.23683425545878967,0.34909285304036897,0.1935128682998602,True
GAP-ANA-020,analogy,analogy,0.22131594438784935,0.2125641427294721,0.3777797355696388,0.1883401773130398,True
GAP-ANA-021,analogy,analogy,0.20531772393479378,0.22761673082656067,0.37083356707297266,0.196231978165673,True
GAP-ANA-022,analogy,analogy,0.29572641271152633,0.17058413859386468,0.3240462168624277,0.20964323183218128,True
GAP-ANA-023,analogy,analogy,0.24404545263726274,0.2304227226210448,0.3429901703041718,0.18254165443752068,True
GAP-ANA-024,analogy,analogy,0.19581351865592966,0.22810444804580476,0.37617761914292747,0.19990441415533808,True
GAP-ANA-025,analogy,analogy,0.23201199070202463,0.22838981448589202,0.35365832066893804,0.1859398741431453,True
GAP-ANA-026,analogy,analogy,0.18469881345966302,0.24328171879514027,0.32754637234018713,0.24447309540500953,True
GAP-DEF-001,definition,definition,0.16892604666842037,0.17914285751387213,0.20138454219239268,0.4505465536253147,True
GAP-DEF-002,definition,definition,0.24503154182714773,0.2555598982423012,0.22534979209329342,0.2740587678372577,True
GAP-DEF-003,definition,analogy,0.252742757476304,0.2223752837296294,0.2790453891321235,0.24583656966194303,False
GAP-DEF-004,definition,definition,0.18989168606152954,0.20100149190262798,0.18921532640902147,0.4198914956268211,True
GAP-DEF-005,definition,definition,0.16570720263667282,0.21836958798943698,0.2088927758575831,0.40703043351630713,True
GAP-DEF-006,definition,definition,0.17735610945504915,0.24768289641525576,0.22308420532254464,0.3518767888071504,True
GAP-DEF-007,definition,definition,0.1728447594663947,0.25574896534955016,0.2139455848783574,0.3574606903056976,True
GAP-DEF-008,definition,definition,0.20274450616855402,0.22327147885950446,0.2725617953638485,0.30142221960809307,True
GAP-DEF-009,definition,causality,0.18083194968684577,0.3360871909700737,0.19698135997012034,0.2860994993729602,False
GAP-DEF-010,definition,analogy,0.16976689932488526,0.14645237593422802,0.4680885761339255,0.21569214860696123,False
GAP-DEF-011,definition,definition,0.16867433072179333,0.17172226386775133,0.22221673030997147,0.43738667510048385,True
GAP-DEF-013,definition,causality,0.15899600643402373,0.36628293806979617,0.2129063278827397,0.26181472761344043,False
GAP-DEF-014,definition,definition,0.22279582670110337,0.22699050627261433,0.2188836763853593,0.3313299906409231,True
GAP-DEF-015,definition,analogy,0.190890907507749,0.2344721311559028,0.32707047703559805,0.24756648430075018,False
GAP-DEF-016,definition,analogy,0.14372868205474393,0.19530052281261662,0.40002814486866384,0.2609426502639755,False
GAP-DEF-017,definition,analogy,0.18161507835748078,0.18445902120207922,0.3377143708591694,0.29621152958127067,False
GAP-DEF-018,definition,definition,0.2157770234659592,0.21062579121445052,0.2621639081446595,0.31143327717493074,True
GAP-DEF-019,definition,analogy,0.18777363188858862,0.24147802769155535,0.3121674469139706,0.2585808935058855,False
GAP-DEF-020,definition,definition,0.1671783467316296,0.17151622911567307,0.2401403679309193,0.42116505622177797,True
GAP-DEF-021,definition,definition,0.1964794627741079,0.18127404195766691,0.2649580337698875,0.35728846149833776,True
GAP-DEF-022,definition,definition,0.20009982227616813,0.24048027037682188,0.2652126508488269,0.29420725649818313,True
GAP-DEF-023,definition,definition,0.1882860182203311,0.17896224046706896,0.22405936048513597,0.408692380827464,True
GAP-DEF-024,definition,definition,0.19940855777718774,0.20031278247359655,0.2024676958061819,0.3978109639430338,True
GAP-DEF-026,definition,causality,0.20554529153409054,0.3339397144377892,0.23903992941806587,0.22147506461005456,False
GAP-DEF-027,definition,definition,0.16685777159833592,0.23248834407741356,0.2546245517252609,0.3460293325989897,True
GAP-DEF-028,definition,definition,0.18427531375940132,0.1972445681561708,0.20306204422455004,0.4154180738598777,True
GAP-DEF-029,definition,definition,0.14428696260134105,0.1803851971325735,0.32257265942904445,0.3527551808370409,True
GAP-DEF-030,definition,definition,0.16918481553552311,0.1878354627285466,0.19601532888726808,0.4469643928486622,True
REMED-LOG-001,logic,definition,0.23066864857667618,0.17236235765662658,0.18938590866950825,0.40758308509718905,False
REMED-LOG-002,logic,analogy,0.26349897644778386,0.2067480371657988,0.3669095384033305,0.1628434479830867,False
REMED-LOG-003,logic,logic,0.3486028192038616,0.23655631550447603,0.22808349619106974,0.18675736910059265,True
REMED2-DEF-001,definition,definition,0.18777794761075634,0.19523845311450613,0.2157659888179382,0.40121761045679927,True
REMED2-DEF-002,definition,definition,0.16900265615657048,0.19305631400661727,0.25727168471921147,0.3806693451176008,True
REMED2-CAU-001,causality,definition,0.2169445881659591,0.22401701192856996,0.2653018191680081,0.2937365807374628,False
REMED2-CAU-002,causality,analogy,0.20096475131802483,0.29114059688372784,0.29774303974165417,0.21015161205659322,False
REMED2-LOG-001,logic,definition,0.26520312722367406,0.20521831442524066,0.2119227132321778,0.3176558451189074,False
