candidate_id,true_task_class,predicted_task_class,response_text,probabilities,provenance,topic_domain
SRC-LOG-006,logic,causality,Isolated systems conserve momentum.,"{""logic"": 0.24459997115561993, ""causality"": 0.26906029115914515, ""analogy"": 0.2540143313420562, ""definition"": 0.23232540634317875}",not_recorded,physics
SRC-LOG-012,logic,causality,Processes without light energy are not photosynthesis.,"{""logic"": 0.25913314499911994, ""causality"": 0.27313777058174743, ""analogy"": 0.25581433825862215, ""definition"": 0.2119147461605105}",not_recorded,biology
SRC-LOG-013,logic,analogy,Dry pores do not store groundwater.,"{""logic"": 0.2500225344889883, ""causality"": 0.26088143278558834, ""analogy"": 0.28150686446410683, ""definition"": 0.20758916826131654}",not_recorded,earth_science
SRC-LOG-014,logic,analogy,Low water levels are not high tide.,"{""logic"": 0.23963383407627084, ""causality"": 0.2559995720735414, ""analogy"": 0.29695317296292256, ""definition"": 0.20741342088726522}",not_recorded,earth_science
SRC-LOG-015,logic,analogy,Features without survival functions are not adaptations.,"{""logic"": 0.24236022242695143, ""causality"": 0.2448858790882339, ""analogy"": 0.3116604853271287, ""definition"": 0.20109341315768597}",not_recorded,biology
SRC-LOG-018,logic,definition,The moon has a greater influence on tides than the sun.,"{""logic"": 0.23156487792740213, ""causality"": 0.22777456289842277, ""analogy"": 0.256332869725591, ""definition"": 0.2843276894485841}",not_recorded,earth_science
SRC-LOG-021,logic,analogy,The momentum of a vehicle is equal to the product of its mass and velocity.,"{""logic"": 0.22467135623695617, ""causality"": 0.23074790158131137, ""analogy"": 0.3002465499171218, ""definition"": 0.24433419226461073}",not_recorded,physics
SRC-CAU-001,causality,definition,Net force causes changes in the motion of an object.,"{""logic"": 0.20290194722376373, ""causality"": 0.25149735133340295, ""analogy"": 0.23988022950809237, ""definition"": 0.305720471934741}",not_recorded,physics
SRC-CAU-003,causality,logic,Elastic collisions transfer momentum between vehicles of equal mass.,"{""logic"": 0.2736973159161868, ""causality"": 0.2542190776835776, ""analogy"": 0.2712457592887447, ""definition"": 0.20083784711149089}",not_recorded,physics
SRC-CAU-006,causality,analogy,Photosynthesis absorbs solar energy and can store chemical energy in carbohydrates.,"{""logic"": 0.20427880638569293, ""causality"": 0.2556599776208153, ""analogy"": 0.32439198234538735, ""definition"": 0.21566923364810436}",not_recorded,biology
SRC-CAU-007,causality,analogy,Photosynthesis uses water and carbon dioxide to produce sugar and oxygen.,"{""logic"": 0.18668907100833765, ""causality"": 0.2591056215564692, ""analogy"": 0.36577447450650735, ""definition"": 0.18843083292868576}",not_recorded,biology
SRC-CAU-008,causality,definition,Chlorophyll absorbs light for photosynthesis.,"{""logic"": 0.23575438375200444, ""causality"": 0.24669634638441473, ""analogy"": 0.2502798177831492, ""definition"": 0.26726945208043157}",not_recorded,biology
SRC-CAU-011,causality,analogy,"Sunlight heats surface water, causing liquid water to evaporate.","{""logic"": 0.20044633839172066, ""causality"": 0.2928068387852165, ""analogy"": 0.3000246038236494, ""definition"": 0.20672221899941337}",not_recorded,physics
SRC-CAU-012,causality,analogy,Water vapor rises into cooler air and condenses to form cloud droplets.,"{""logic"": 0.2494054645165655, ""causality"": 0.25998561640445716, ""analogy"": 0.30877778436365594, ""definition"": 0.18183113471532142}",not_recorded,earth_science
SRC-CAU-014,causality,analogy,Infiltration of precipitation can replenish groundwater.,"{""logic"": 0.2385074789787302, ""causality"": 0.24740430566683466, ""analogy"": 0.32784821558416244, ""definition"": 0.18623999977027275}",not_recorded,earth_science
SRC-CAU-015,causality,analogy,Groundwater extraction faster than infiltration causes the groundwater level to drop.,"{""logic"": 0.21114040626053096, ""causality"": 0.28339611216611715, ""analogy"": 0.34896656590537667, ""definition"": 0.15649691566797533}",not_recorded,earth_science
SRC-CAU-016,causality,logic,"When warm water vapor contacts a cold container, it condenses into liquid droplets.","{""logic"": 0.35780613864641814, ""causality"": 0.2683872961527075, ""analogy"": 0.21370988150814382, ""definition"": 0.16009668369273053}",not_recorded,earth_science
SRC-CAU-020,causality,logic,A long tail can improve balance.,"{""logic"": 0.27315348560007147, ""causality"": 0.25322014289217054, ""analogy"": 0.2560041555068187, ""definition"": 0.21762221600093928}",not_recorded,general_science
SRC-CAU-021,causality,analogy,Satellite measurement of precipitation enables scientists to monitor large-scale rainfall.,"{""logic"": 0.21130000505070703, ""causality"": 0.2855802499804343, ""analogy"": 0.31291883460642256, ""definition"": 0.19020091036243608}",not_recorded,technology
SRC-CAU-022,causality,analogy,Wells reaching aquifers can extract groundwater.,"{""logic"": 0.24249597495485214, ""causality"": 0.26526114108910687, ""analogy"": 0.2695813496736158, ""definition"": 0.2226615342824251}",not_recorded,technology
SRC-CAU-025,causality,analogy,A measuring system tracking the tide level can record high and low tides for prediction.,"{""logic"": 0.2091723622170895, ""causality"": 0.26338431320925976, ""analogy"": 0.29803707758722003, ""definition"": 0.22940624698643078}",not_recorded,earth_science
SRC-DEF-001,definition,analogy,"The water cycle is the process of continuous movement of water between land, ocean and atmosphere in the Earth system.","{""logic"": 0.19228020493005668, ""causality"": 0.2632815210557426, ""analogy"": 0.2995302835153215, ""definition"": 0.2449079904988793}",not_recorded,earth_science
SRC-DEF-002,definition,causality,Evaporation is the phase change that turns liquid water into water vapor.,"{""logic"": 0.19397317103560013, ""causality"": 0.3263956745366247, ""analogy"": 0.24629414046266146, ""definition"": 0.2333370139651137}",not_recorded,earth_science
SRC-DEF-008,definition,logic,Conservation is the physical principle that physical quantities remain unchanged under specific conditions.,"{""logic"": 0.3490042815158826, ""causality"": 0.20920040240056675, ""analogy"": 0.22596129624586198, ""definition"": 0.21583401983768874}",not_recorded,general_science
SRC-DEF-009,definition,causality,Force is the physical interaction that can change motion.,"{""logic"": 0.21292064185957438, ""causality"": 0.3158848126416916, ""analogy"": 0.2222166987731296, ""definition"": 0.24897784672560436}",not_recorded,physics
SRC-DEF-010,definition,causality,Acceleration is the physical quantity that describes the change in velocity over time.,"{""logic"": 0.17593475537420356, ""causality"": 0.3186424294776151, ""analogy"": 0.242549006016145, ""definition"": 0.2628738091320363}",not_recorded,physics
SRC-DEF-011,definition,analogy,Well is a water extraction structure that reaches groundwater for extraction.,"{""logic"": 0.18914647550652083, ""causality"": 0.18366928519920925, ""analogy"": 0.32058691254706057, ""definition"": 0.3065973267472093}",not_recorded,technology
SRC-DEF-013,definition,analogy,Flippers are the animal body structure that helps whales turn in water.,"{""logic"": 0.18002964234177074, ""causality"": 0.2392962614370297, ""analogy"": 0.42512980591198574, ""definition"": 0.1555442903092138}",not_recorded,biology
SRC-DEF-015,definition,analogy,Feather camouflage is the animal adaptation that blends the animal with the surrounding environment.,"{""logic"": 0.22265866749348318, ""causality"": 0.20119573696074233, ""analogy"": 0.3316872534629594, ""definition"": 0.2444583420828151}",not_recorded,biology
SRC-DEF-017,definition,analogy,Well pump is a water transportation device that lifts groundwater to the surface.,"{""logic"": 0.1890464575921699, ""causality"": 0.2313099839660493, ""analogy"": 0.2929105553824507, ""definition"": 0.28673300305933}",not_recorded,technology
SRC-DEF-020,definition,causality,Filter surface is a separation mechanism that allows water to pass through and retains particles.,"{""logic"": 0.1249695521205739, ""causality"": 0.489357641110666, ""analogy"": 0.22268267116125884, ""definition"": 0.1629901356075014}",not_recorded,technology
SRC-DEF-023,definition,analogy,Aquifer is the water-bearing geological layer that stores and transmits available groundwater.,"{""logic"": 0.21300908592577866, ""causality"": 0.19974429234478458, ""analogy"": 0.32502105985412694, ""definition"": 0.2622255618753098}",not_recorded,earth_science
SRC-DEF-025,definition,causality,Chloroplast is the cellular organelle of plants that contains the photosynthesis mechanism.,"{""logic"": 0.16134879107532124, ""causality"": 0.49480707736905694, ""analogy"": 0.17326056898587275, ""definition"": 0.17058356256974908}",not_recorded,biology
SRC-ANA-001,analogy,causality,"Whale flippers help turning in water, while human arms help control body movement.","{""logic"": 0.20254949534168723, ""causality"": 0.29844108539041736, ""analogy"": 0.276128544700495, ""definition"": 0.22288087456740038}",not_recorded,biology
SRC-ANA-017,analogy,definition,"Chloroplasts contain the machinery for photosynthesis, and leaves contain mesophyll cells; each has its own content.","{""logic"": 0.27158489440155537, ""causality"": 0.17926067916592245, ""analogy"": 0.2573137559582979, ""definition"": 0.2918406704742242}",not_recorded,biology
SRC-ANA-022,analogy,causality,"Force changes an object's motion, and heat changes water's solid, liquid, or gas state.","{""logic"": 0.21607266798933508, ""causality"": 0.3101642607260748, ""analogy"": 0.22818495146003268, ""definition"": 0.24557811982455738}",not_recorded,physics
GAP-LOG-004,logic,definition,Dividing an even number by two leaves no remainder.,"{""logic"": 0.2109417501033584, ""causality"": 0.21665289571442833, ""analogy"": 0.26078075640410503, ""definition"": 0.31162459777810825}",rule_composed,mathematics
GAP-LOG-006,logic,definition,A cat is not a reptile.,"{""logic"": 0.16684877762742276, ""causality"": 0.16891424381672968, ""analogy"": 0.1844115295407847, ""definition"": 0.47982544901506285}",ai_assisted_surface_normalized,everyday_life
GAP-LOG-007,logic,analogy,A book on the left is not on the right of the cup.,"{""logic"": 0.22624772821425426, ""causality"": 0.23050781429227374, ""analogy"": 0.32029097906068194, ""definition"": 0.22295347843279004}",rule_composed,spatial_reasoning
GAP-LOG-008,logic,analogy,Schedules with no shared time do not overlap.,"{""logic"": 0.21332568661611795, ""causality"": 0.2242870432289884, ""analogy"": 0.30268454291966185, ""definition"": 0.25970272723523163}",independent_external,everyday_life
GAP-LOG-009,logic,analogy,Three coins plus two coins make five coins.,"{""logic"": 0.255099206113008, ""causality"": 0.27443810196772556, ""analogy"": 0.27810872887433946, ""definition"": 0.192353963044927}",ai_assisted_surface_normalized,mathematics
GAP-LOG-012,logic,definition,An item outside a box is not inside that box.,"{""logic"": 0.14642838230851465, ""causality"": 0.16651794978181647, ""analogy"": 0.2277416688271886, ""definition"": 0.45931199908248027}",ai_assisted_surface_normalized,spatial_reasoning
GAP-LOG-013,logic,definition,"If every class member has an ID, Maya has an ID as a class member.","{""logic"": 0.2329827010343366, ""causality"": 0.1704987928812591, ""analogy"": 0.211847427005671, ""definition"": 0.3846710790787332}",rule_composed,language
GAP-LOG-014,logic,analogy,Dividing a whole into equal parts makes each part smaller than the whole.,"{""logic"": 0.2620976011176173, ""causality"": 0.23870845058854093, ""analogy"": 0.34651973383046675, ""definition"": 0.152674214463375}",independent_external,mathematics
GAP-LOG-015,logic,analogy,Sets with exactly the same elements have the same size.,"{""logic"": 0.23855453753191036, ""causality"": 0.2123217044339412, ""analogy"": 0.3542800430759841, ""definition"": 0.1948437149581644}",ai_assisted_surface_normalized,mathematics
GAP-LOG-016,logic,analogy,A route with no connecting road cannot reach its destination by that route.,"{""logic"": 0.2121821753508397, ""causality"": 0.17423465782283354, ""analogy"": 0.30969687243818095, ""definition"": 0.30388629438814574}",rule_composed,spatial_reasoning
GAP-LOG-017,logic,analogy,A book north of a lamp is not south of the lamp in the same layout.,"{""logic"": 0.21352561092741917, ""causality"": 0.23481497415373406, ""analogy"": 0.3179610901371015, ""definition"": 0.23369832478174532}",independent_external,spatial_reasoning
GAP-LOG-018,logic,definition,A number divisible by ten ends in zero.,"{""logic"": 0.20319335535186597, ""causality"": 0.2565688252612425, ""analogy"": 0.25237708606294024, ""definition"": 0.28786073332395123}",ai_assisted_surface_normalized,mathematics
GAP-LOG-019,logic,definition,A square is a rectangle with equal sides.,"{""logic"": 0.16574497807935595, ""causality"": 0.17794787970291537, ""analogy"": 0.22806812261430245, ""definition"": 0.4282390196034263}",rule_composed,mathematics
GAP-LOG-020,logic,definition,An object inside a smaller box is also inside a larger box around it.,"{""logic"": 0.11584021123483645, ""causality"": 0.11980016215577077, ""analogy"": 0.1699401210297142, ""definition"": 0.5944195055796784}",independent_external,spatial_reasoning
GAP-LOG-021,logic,definition,A ticket dated tomorrow is later than a ticket dated today.,"{""logic"": 0.18243238080850888, ""causality"": 0.1870441779322892, ""analogy"": 0.2017641960086355, ""definition"": 0.42875924525056647}",ai_assisted_surface_normalized,everyday_life
GAP-LOG-022,logic,definition,"If every seat is occupied, no seat is available.","{""logic"": 0.2514442134284042, ""causality"": 0.18485762986760218, ""analogy"": 0.19866247140262486, ""definition"": 0.3650356853013689}",rule_composed,everyday_life
GAP-LOG-023,logic,definition,A triangle with three sides is a polygon.,"{""logic"": 0.15794324381123184, ""causality"": 0.2001843554165124, ""analogy"": 0.23373406297985613, ""definition"": 0.40813833779239966}",independent_external,mathematics
GAP-LOG-025,logic,causality,A larger whole divided into equal pieces gives smaller pieces.,"{""logic"": 0.24382439263128092, ""causality"": 0.27276799453703626, ""analogy"": 0.26356499676692735, ""definition"": 0.21984261606475544}",rule_composed,mathematics
GAP-LOG-026,logic,definition,"If an organism has chloroplasts, it can use light energy in photosynthesis.","{""logic"": 0.20882611802829434, ""causality"": 0.22287492443441398, ""analogy"": 0.21247194626515484, ""definition"": 0.3558270112721368}",independent_external,biology
GAP-LOG-028,logic,causality,"If consumers eat producers, energy moves from producers to consumers.","{""logic"": 0.287142095566585, ""causality"": 0.3259035654185296, ""analogy"": 0.21346300629013495, ""definition"": 0.1734913327247505}",rule_composed,biology
GAP-LOG-029,logic,analogy,A hemisphere tilted toward the Sun receives more direct sunlight.,"{""logic"": 0.28823881248030847, ""causality"": 0.2665011913972134, ""analogy"": 0.3017739928675324, ""definition"": 0.14348600325494576}",independent_external,earth_science
GAP-LOG-031,logic,causality,A fair six-sided die gives each face equal probability.,"{""logic"": 0.2503176924363144, ""causality"": 0.2746491440312174, ""analogy"": 0.24558170746032357, ""definition"": 0.2294514560721447}",rule_composed,mathematics
GAP-LOG-032,logic,analogy,Two equally likely coin outcomes give heads a probability of one half.,"{""logic"": 0.20331649513478872, ""causality"": 0.2905193645388874, ""analogy"": 0.3206214310885829, ""definition"": 0.1855427092377411}",independent_external,mathematics
GAP-LOG-034,logic,definition,"Without an unbalanced force, constant velocity continues.","{""logic"": 0.21601534503804928, ""causality"": 0.20606598347424682, ""analogy"": 0.2835535700256827, ""definition"": 0.29436510146202116}",rule_composed,physics
GAP-LOG-035,logic,causality,"If groundwater moves through rock spaces, connected spaces can permit flow.","{""logic"": 0.24807619186478105, ""causality"": 0.35900566641741805, ""analogy"": 0.2300546899438785, ""definition"": 0.1628634517739223}",independent_external,earth_science
GAP-LOG-038,logic,analogy,"If Earth's land, air, water, and life interact, change in one part can affect another.","{""logic"": 0.20960035332674395, ""causality"": 0.2910321016999302, ""analogy"": 0.3116350701269772, ""definition"": 0.18773247484634872}",independent_external,earth_science
GAP-LOG-042,logic,causality,"If water moves through reservoirs and pathways, groundwater participates in a cycle.","{""logic"": 0.20480997319931632, ""causality"": 0.3438421954428602, ""analogy"": 0.27823880137611856, ""definition"": 0.173109029981705}",ai_assisted_surface_normalized,earth_science
GAP-CAU-001,causality,logic,Friction slows a rolling ball on the floor.,"{""logic"": 0.3061709088614666, ""causality"": 0.26248501385870443, ""analogy"": 0.30401955977617395, ""definition"": 0.12732451750365503}",rule_composed,physics
GAP-CAU-002,causality,analogy,Adding ice cools a drink.,"{""logic"": 0.2594427285236621, ""causality"": 0.2597052493833681, ""analogy"": 0.26999763314119835, ""definition"": 0.21085438895177153}",independent_external,everyday_life
GAP-CAU-003,causality,analogy,Opening a window can lower room temperature.,"{""logic"": 0.2319938159716952, ""causality"": 0.24802574167946048, ""analogy"": 0.3012865370229366, ""definition"": 0.21869390532590768}",ai_assisted_surface_normalized,everyday_life
GAP-CAU-004,causality,logic,Pressing a bicycle brake reduces its speed.,"{""logic"": 0.29929406266659847, ""causality"": 0.23454512523599083, ""analogy"": 0.22984933578611808, ""definition"": 0.2363114763112926}",rule_composed,technology
GAP-CAU-006,causality,analogy,Moving air speeds evaporation from wet clothes.,"{""logic"": 0.24737602070131828, ""causality"": 0.2557459038181916, ""analogy"": 0.3169812110492483, ""definition"": 0.17989686443124184}",ai_assisted_surface_normalized,everyday_life
GAP-CAU-008,causality,analogy,Stretching a rubber band stores elastic energy.,"{""logic"": 0.25760528739697847, ""causality"": 0.2422713024994813, ""analogy"": 0.2942633778574744, ""definition"": 0.20586003224606578}",independent_external,physics
GAP-CAU-009,causality,analogy,Removing the batteries stops a flashlight.,"{""logic"": 0.2872626707301032, ""causality"": 0.2729684100289671, ""analogy"": 0.3055870938389908, ""definition"": 0.13418182540193901}",ai_assisted_surface_normalized,technology
GAP-CAU-010,causality,analogy,Blocking a light sensor prevents it from detecting light.,"{""logic"": 0.25021486549824073, ""causality"": 0.2555894032870223, ""analogy"": 0.2654831911338481, ""definition"": 0.22871254008088884}",rule_composed,technology
GAP-CAU-011,causality,analogy,Sunlight warms a dark surface.,"{""logic"": 0.24035694051383089, ""causality"": 0.2616384333937691, ""analogy"": 0.2695070853947094, ""definition"": 0.22849754069769065}",independent_external,earth_science
GAP-CAU-013,causality,analogy,Evaporation can cool a wet surface.,"{""logic"": 0.23599642438579682, ""causality"": 0.23067029872389816, ""analogy"": 0.3361428823783453, ""definition"": 0.1971903945119598}",rule_composed,earth_science
GAP-CAU-015,causality,analogy,Cellular respiration releases usable energy from food.,"{""logic"": 0.25875913875176304, ""causality"": 0.24063342831550696, ""analogy"": 0.3169419838627762, ""definition"": 0.18366544906995388}",ai_assisted_surface_normalized,biology
GAP-CAU-016,causality,definition,Consumers receive energy by eating food.,"{""logic"": 0.2402553689362197, ""causality"": 0.24533559735693675, ""analogy"": 0.2449576718573223, ""definition"": 0.26945136184952123}",rule_composed,biology
GAP-CAU-017,causality,definition,An unbalanced force changes an object's velocity.,"{""logic"": 0.1903959912365235, ""causality"": 0.22664619802320954, ""analogy"": 0.2046925945040734, ""definition"": 0.3782652162361935}",independent_external,physics
GAP-CAU-018,causality,logic,Groundwater movement follows gravity and pressure.,"{""logic"": 0.31995140694879703, ""causality"": 0.2308101190720317, ""analogy"": 0.2918140429188581, ""definition"": 0.15742443106031315}",ai_assisted_surface_normalized,earth_science
GAP-CAU-019,causality,analogy,"Immune defenses block, detect, and remove harmful agents.","{""logic"": 0.22498610337977798, ""causality"": 0.22595038385448146, ""analogy"": 0.35339258353185515, ""definition"": 0.19567092923388535}",rule_composed,biology
GAP-CAU-020,causality,analogy,Macrophages engulf foreign material.,"{""logic"": 0.2557746086974407, ""causality"": 0.25331456913214206, ""analogy"": 0.27666189429831994, ""definition"": 0.21424892787209732}",independent_external,biology
GAP-CAU-021,causality,analogy,Cooling air turns water vapor into droplets.,"{""logic"": 0.24734859886913102, ""causality"": 0.2684051356294141, ""analogy"": 0.27751040312194364, ""definition"": 0.20673586237951128}",ai_assisted_surface_normalized,earth_science
GAP-CAU-022,causality,analogy,Longer sunlight exposure heats a surface more.,"{""logic"": 0.24181074534153627, ""causality"": 0.26583533256997754, ""analogy"": 0.2721117644151433, ""definition"": 0.22024215767334285}",rule_composed,earth_science
GAP-CAU-025,causality,logic,Pumping water upward requires energy input.,"{""logic"": 0.42223983499619383, ""causality"": 0.1955016288838284, ""analogy"": 0.2113027151148984, ""definition"": 0.17095582100507942}",rule_composed,technology
GAP-CAU-026,causality,analogy,A barrier on a route prevents a traveler from reaching the destination.,"{""logic"": 0.2825990609052492, ""causality"": 0.2514967887441316, ""analogy"": 0.3347561867021228, ""definition"": 0.13114796364849635}",independent_external,spatial_reasoning
GAP-CAU-030,causality,analogy,A missing key prevents a lock from opening.,"{""logic"": 0.2529506052095198, ""causality"": 0.25883404449371866, ""analogy"": 0.2694541180296172, ""definition"": 0.21876123226714442}",ai_assisted_surface_normalized,technology
GAP-ANA-010,analogy,definition,"A plant stores light energy in carbohydrates, and a battery stores electrical energy for later use.","{""logic"": 0.1943940340103998, ""causality"": 0.21562656445279302, ""analogy"": 0.2866518496671862, ""definition"": 0.30332755186962085}",rule_composed,biology
GAP-ANA-012,analogy,logic,"Pore spaces hold groundwater, and a reservoir holds surface water.","{""logic"": 0.3585650259755791, ""causality"": 0.18424804987572466, ""analogy"": 0.2990028103376862, ""definition"": 0.15818411381100997}",ai_assisted_surface_normalized,earth_science
GAP-ANA-014,analogy,causality,"A force changes motion, and heat changes the state of water.","{""logic"": 0.24275359102923455, ""causality"": 0.3742931589691146, ""analogy"": 0.23374770874444292, ""definition"": 0.14920554125720797}",independent_external,physics
GAP-ANA-015,analogy,causality,"Earth's tilt changes seasonal sunlight, and a dimmer changes lamp brightness.","{""logic"": 0.23597688507789413, ""causality"": 0.29544979211319206, ""analogy"": 0.29174043653127923, ""definition"": 0.17683288627763455}",ai_assisted_surface_normalized,earth_science
GAP-ANA-017,analogy,causality,"A well pump lifts groundwater, and a heart pumps blood through vessels.","{""logic"": 0.16572793173694636, ""causality"": 0.37311096231531726, ""analogy"": 0.294690514074732, ""definition"": 0.1664705918730042}",independent_external,biology
GAP-DEF-003,definition,analogy,A fraction represents part of a whole.,"{""logic"": 0.252742757476304, ""causality"": 0.2223752837296294, ""analogy"": 0.2790453891321235, ""definition"": 0.24583656966194303}",independent_external,mathematics
GAP-DEF-009,definition,causality,A variable is a quantity that can change.,"{""logic"": 0.18083194968684577, ""causality"": 0.3360871909700737, ""analogy"": 0.19698135997012034, ""definition"": 0.2860994993729602}",independent_external,mathematics
GAP-DEF-010,definition,analogy,A map is a representation of places and their relationships.,"{""logic"": 0.16976689932488526, ""causality"": 0.14645237593422802, ""analogy"": 0.4680885761339255, ""definition"": 0.21569214860696123}",ai_assisted_surface_normalized,geography
GAP-DEF-013,definition,causality,Inertia is resistance to a change in motion.,"{""logic"": 0.15899600643402373, ""causality"": 0.36628293806979617, ""analogy"": 0.2129063278827397, ""definition"": 0.26181472761344043}",ai_assisted_surface_normalized,physics
GAP-DEF-015,definition,analogy,An ecosystem includes organisms and their physical environment.,"{""logic"": 0.190890907507749, ""causality"": 0.2344721311559028, ""analogy"": 0.32707047703559805, ""definition"": 0.24756648430075018}",independent_external,biology
GAP-DEF-016,definition,analogy,A food web represents feeding relationships in an ecosystem.,"{""logic"": 0.14372868205474393, ""causality"": 0.19530052281261662, ""analogy"": 0.40002814486866384, ""definition"": 0.2609426502639755}",ai_assisted_surface_normalized,biology
GAP-DEF-017,definition,analogy,An aquifer is a water-bearing formation that can store and transmit groundwater.,"{""logic"": 0.18161507835748078, ""causality"": 0.18445902120207922, ""analogy"": 0.3377143708591694, ""definition"": 0.29621152958127067}",rule_composed,earth_science
GAP-DEF-019,definition,analogy,"The immune system is a group of cells, tissues, and organs that protects the body.","{""logic"": 0.18777363188858862, ""causality"": 0.24147802769155535, ""analogy"": 0.3121674469139706, ""definition"": 0.2585808935058855}",ai_assisted_surface_normalized,biology
GAP-DEF-026,definition,causality,Condensation is the change of vapor into a liquid.,"{""logic"": 0.20554529153409054, ""causality"": 0.3339397144377892, ""analogy"": 0.23903992941806587, ""definition"": 0.22147506461005456}",rule_composed,earth_science
REMED-LOG-001,logic,definition,"If a number is divisible by four, it is even.","{""logic"": 0.23066864857667618, ""causality"": 0.17236235765662658, ""analogy"": 0.18938590866950825, ""definition"": 0.40758308509718905}",rule_composed,mathematics
REMED-LOG-002,logic,analogy,Nothing can be entirely north and entirely south of the same point.,"{""logic"": 0.26349897644778386, ""causality"": 0.2067480371657988, ""analogy"": 0.3669095384033305, ""definition"": 0.1628434479830867}",rule_composed,spatial_reasoning
REMED2-CAU-001,causality,definition,Wind erodes bare soil by carrying loose particles away.,"{""logic"": 0.2169445881659591, ""causality"": 0.22401701192856996, ""analogy"": 0.2653018191680081, ""definition"": 0.2937365807374628}",rule_composed,earth_science
REMED2-CAU-002,causality,analogy,Cooling magma causes it to solidify into igneous rock.,"{""logic"": 0.20096475131802483, ""causality"": 0.29114059688372784, ""analogy"": 0.29774303974165417, ""definition"": 0.21015161205659322}",rule_composed,earth_science
REMED2-LOG-001,logic,definition,"If a quantity is greater than seven, it cannot be less than five.","{""logic"": 0.26520312722367406, ""causality"": 0.20521831442524066, ""analogy"": 0.2119227132321778, ""definition"": 0.3176558451189074}",rule_composed,quantitative_reasoning
