model,layer,normalized_depth,beta,mean_target_assignment_rate,mean_target_minus_source_similarity,mean_relative_perturbation_norm,pairs_assignment_ge_0_5,pairs_assignment_eq_1,mean_ivs,mean_rsm_pearson,median_assignment,min_assignment,max_assignment,median_ivs,max_ivs,efficiency,validity_score
Qwen/Qwen3-1.7B,4,0.14285714285714285,0.25,0.1111111111111111,-0.021602726509673043,0.07122914027422667,0,0,5.8961963577630616e-05,0.9999410380364225,0.08333333333333333,0.0,0.3333333333333333,2.6490863478834115e-05,0.00018971422424618467,1.5599106641500287,0.1039292351201108
Qwen/Qwen3-1.7B,4,0.14285714285714285,0.5,0.4305555555555556,-6.435984545917021e-05,0.14245828054845333,8,0,0.00022943794441448082,0.9997705620555856,0.5,0.16666666666666666,0.6666666666666666,0.00010957575705849987,0.0006942407234391546,3.0223271239458946,0.4160802895562958
Qwen/Qwen3-1.7B,4,0.14285714285714285,0.75,0.638888888888889,0.021477847943562223,0.21368742485841116,11,2,0.0004959996907271854,0.9995040003092729,0.5833333333333333,0.16666666666666666,1.0,0.00025114617856175636,0.0013989260167627249,2.98982899631986,0.6170241467123206
Qwen/Qwen3-1.7B,4,0.14285714285714285,1.0,0.9166666666666666,0.042703189414332536,0.28491656109690666,12,8,0.0008375349990188871,0.9991624650009809,1.0,0.6666666666666666,1.0,0.0004478726683833645,0.002182313991077267,3.2173160835734165,0.8873374755579572
Qwen/Qwen3-1.7B,4,0.14285714285714285,1.25,0.9861111111111112,0.06331218382939074,0.3561456923683484,12,11,0.001230306731285306,0.9987696932687147,1.0,0.8333333333333334,1.0,0.0006915161794409097,0.0029359193101741177,2.7688418098366174,0.949266235142991
Qwen/Qwen3-1.7B,4,0.14285714285714285,1.5,1.0,0.0830452440639497,0.4273748497168223,12,12,0.0016509595681345652,0.9983490404318655,1.0,1.0,1.0,0.0009702936339107682,0.004157814935612625,2.3398662257826723,0.9556115554601832
Qwen/Qwen3-1.7B,8,0.2857142857142857,0.25,0.041666666666666664,-0.045571175071585535,0.10282927130659421,0,0,0.00020564957460016595,0.9997943504253998,0.0,0.0,0.16666666666666666,0.00012614936739319127,0.0006743212927559084,0.4052023522602864,0.031178089961407075
Qwen/Qwen3-1.7B,8,0.2857142857142857,0.5,0.47222222222222227,0.00022526887406284132,0.20565854261318842,8,0,0.0008382360266858957,0.999161763973314,0.5,0.3333333333333333,0.6666666666666666,0.0005501251547318509,0.0026586768623496626,2.2961467744567785,0.4508181319342175
Qwen/Qwen3-1.7B,8,0.2857142857142857,0.75,0.9861111111111112,0.046022893789201554,0.30848781143625575,12,11,0.0018809969720541924,0.9981190030279458,1.0,0.8333333333333334,1.0,0.0013080036544944607,0.005770453264162589,3.1965965674754386,0.9533813329954314
Qwen/Qwen3-1.7B,8,0.2857142857142857,1.0,1.0,0.09038486600853352,0.41131708522637683,12,12,0.0032599738722976037,0.9967400261277025,1.0,1.0,1.0,0.0023546672181685158,0.00970188829685037,2.431214290885793,0.9556083176050647
Qwen/Qwen3-1.7B,8,0.2857142857142857,1.25,1.0,0.13207069574454167,0.5141463478406271,12,12,0.004853195333590567,0.9951468046664095,1.0,1.0,1.0,0.0035334737866589694,0.014093042034416858,1.9449714750483085,0.9437321698823468
Qwen/Qwen3-1.7B,8,0.2857142857142857,1.5,1.0,0.17018336686723212,0.6169756228725115,12,12,0.00651677522785681,0.9934832247721431,1.0,1.0,1.0,0.004735458514322499,0.018604727832994716,1.6208095534408804,0.9317856624848921
Qwen/Qwen3-1.7B,12,0.42857142857142855,0.25,0.041666666666666664,-0.0486644592846539,0.10514466340343158,0,0,0.0002684532911984838,0.9997315467088015,0.0,0.0,0.16666666666666666,0.0001673383477229784,0.0008958527826097296,0.3962793864677771,0.030883747035125024
Qwen/Qwen3-1.7B,12,0.42857142857142855,0.5,0.513888888888889,0.00021781006016927118,0.21028932680686316,11,0,0.0011900130924268615,0.9988099869075732,0.5,0.3333333333333333,0.6666666666666666,0.0007237950861292974,0.003843753999563382,2.443722999425605,0.4916699431157758
Qwen/Qwen3-1.7B,12,0.42857142857142855,0.75,0.9583333333333335,0.04908050517720972,0.3154339889685313,12,9,0.0028947599342349826,0.997105240065765,1.0,0.8333333333333334,1.0,0.0017433712516147781,0.008989763849985177,3.038142167512323,0.9238951745022455
Qwen/Qwen3-1.7B,12,0.42857142857142855,1.0,1.0,0.09627189777896693,0.4205786536137263,12,12,0.005399069787440702,0.9946009302125592,1.0,1.0,1.0,0.00324529418171704,0.01611323496119277,2.377676488407015,0.9525430648511867
Qwen/Qwen3-1.7B,12,0.42857142857142855,1.25,1.0,0.1404100228415078,0.5257233157753944,12,12,0.008565660684930929,0.9914343393150692,1.0,1.0,1.0,0.0051528187701709305,0.024676933480673235,1.9021412042638401,0.9388620077375296
Qwen/Qwen3-1.7B,12,0.42857142857142855,1.5,1.0,0.1805527349179199,0.6308679779370626,12,12,0.012127515369505284,0.9878724846304947,1.0,1.0,1.0,0.00744293097254195,0.03397070266719626,1.5851176777411047,0.9247856868367884
Qwen/Qwen3-1.7B,16,0.5714285714285714,0.25,0.027777777777777776,-0.05901388611289505,0.11505479489763577,0,0,0.0002836424109181057,0.9997163575890818,0.0,0.0,0.16666666666666666,0.00021935709999404418,0.0006702913147303979,0.2414308363956782,0.015988655877096095
Qwen/Qwen3-1.7B,16,0.5714285714285714,0.5,0.4861111111111111,-1.6061572036772203e-05,0.23010958979527155,8,0,0.0012264508548401516,0.9987735491451599,0.5,0.3333333333333333,0.6666666666666666,0.0009195827714695848,0.0028643820008027454,2.112519910267125,0.4618737012767438
Qwen/Qwen3-1.7B,16,0.5714285714285714,0.75,1.0,0.058973165645985044,0.34516438841819763,12,12,0.0028496942764711375,0.9971503057235288,1.0,1.0,1.0,0.0020753315414441253,0.006512560265031331,2.897170173351454,0.9626338668817092
Qwen/Qwen3-1.7B,16,0.5714285714285714,1.0,1.0,0.11552450704421617,0.4602191795905431,12,12,0.004984947254362955,0.9950150527456371,1.0,1.0,1.0,0.0036464249961768447,0.010969698952701834,2.1728776692030154,0.9489931347865828
Qwen/Qwen3-1.7B,16,0.5714285714285714,1.25,1.0,0.16768020209007203,0.5752740030487379,12,12,0.0073230562164015205,0.9926769437835986,1.0,1.0,1.0,0.005391292946413551,0.015179281890777885,1.7383020566153728,0.9351495434787247
Qwen/Qwen3-1.7B,16,0.5714285714285714,1.5,1.0,0.21422733743740086,0.6903287768363953,12,12,0.009543075570689868,0.9904569244293103,1.0,1.0,1.0,0.007089623140739465,0.01946333005175449,1.4485851076597147,0.9214240467456706
Qwen/Qwen3-1.7B,20,0.7142857142857143,0.25,0.041666666666666664,-0.048693382095545835,0.10387015839417775,0,0,0.0002775288585307086,0.9997224711414695,0.0,0.0,0.16666666666666666,0.00019984817288487555,0.000943035830810568,0.40114180337655264,0.031002121968718176
Qwen/Qwen3-1.7B,20,0.7142857142857143,0.5,0.4861111111111111,-0.00018524593411226956,0.2077403167883555,9,0,0.0011320691180014553,0.9988679308819987,0.5,0.3333333333333333,0.6666666666666666,0.000855870209979015,0.0038744247439980173,2.3399939656702187,0.4642050103142741
Qwen/Qwen3-1.7B,20,0.7142857142857143,0.75,0.9583333333333335,0.04832793488654976,0.3116104876001676,12,9,0.002505543594922129,0.9974944564050778,1.0,0.8333333333333334,1.0,0.0018684192443922942,0.008606563732517114,3.075420567387259,0.9246667409783945
Qwen/Qwen3-1.7B,20,0.7142857142857143,1.0,1.0,0.09514964544968053,0.415480633576711,12,12,0.004231004904023977,0.9957689950959762,1.0,1.0,1.0,0.003123005820545144,0.014498737390694294,2.4068509940472547,0.9542209317383049
Qwen/Qwen3-1.7B,20,0.7142857142857143,1.25,1.0,0.13887405554072946,0.5193508019049963,12,12,0.006087532373289249,0.9939124676267107,1.0,1.0,1.0,0.004370741740437778,0.020652786823128433,1.9254807676760266,0.9419773874362111
Qwen/Qwen3-1.7B,20,0.7142857142857143,1.5,1.0,0.17856595996579247,0.6232209752003351,12,12,0.007871087858449375,0.9921289121415505,1.0,1.0,1.0,0.005470962398036905,0.02623052972854678,1.604567278296235,0.9298068146215172
Qwen/Qwen3-1.7B,24,0.8571428571428571,0.25,0.05555555555555555,-0.031041308417675884,0.08481821635117133,0,0,0.0001495854304845353,0.9998504145695156,0.0,0.0,0.3333333333333333,7.463102532750954e-05,0.00044244475015697837,0.654995487945479,0.04692414848995388
Qwen/Qwen3-1.7B,24,0.8571428571428571,0.5,0.4305555555555555,-0.000385750123380324,0.16963643270234266,8,0,0.0005779479251943054,0.9994220520748055,0.5,0.16666666666666666,0.5,0.00031708489065962464,0.0018661686579382053,2.5381076654091475,0.41301396436012694
Qwen/Qwen3-1.7B,24,0.8571428571428571,0.75,0.9583333333333335,0.030279743850675372,0.2544546462595463,12,9,0.0012464278492997916,0.9987535721507003,1.0,0.8333333333333334,1.0,0.0007586200842463198,0.004323016954391523,3.7662243930636663,0.931641440858079
Qwen/Qwen3-1.7B,24,0.8571428571428571,1.0,1.0,0.06024465961700581,0.3392728654046853,12,12,0.00211519669830032,0.9978848033016995,1.0,1.0,1.0,0.0014390301888609347,0.007706912579557135,2.9474799563837757,0.9639575167612312
Qwen/Qwen3-1.7B,24,0.8571428571428571,1.25,1.0,0.08887351847767948,0.4240910659233729,12,12,0.0031466179167997377,0.9968533820832004,1.0,1.0,1.0,0.0026506819307399176,0.011757983647367798,2.3579840670372545,0.954444275490863
Qwen/Qwen3-1.7B,24,0.8571428571428571,1.5,1.0,0.11566475928636233,0.5089092925190926,12,12,0.004301728394835354,0.9956982716051647,1.0,1.0,1.0,0.0037171284090097845,0.016128405226115472,1.9649866784710293,0.9448073423532554
Qwen/Qwen3-1.7B,28,1.0,0.25,0.06944444444444443,-0.019097999509588764,0.06607286042223375,0,0,0.00010220920463002714,0.9998977907953699,0.0,0.0,0.3333333333333333,2.7191787946578838e-05,0.0003644614522323453,1.0510281148777842,0.06273494919759104
Qwen/Qwen3-1.7B,28,1.0,0.5,0.4305555555555556,-0.00042363098592288856,0.1321457208444675,7,0,0.0004089169150527187,0.9995910830849475,0.5,0.16666666666666666,0.6666666666666666,0.00010785557861631156,0.0014912173805068374,3.2581874026812843,0.4169320665560561
Qwen/Qwen3-1.7B,28,1.0,0.75,0.8750000000000001,0.018273346406932355,0.19821858406066895,12,7,0.0009076374836303932,0.9990923625163696,1.0,0.5,1.0,0.000238340781617441,0.0033842965214669896,4.414318465664165,0.8542705041103028
Qwen/Qwen3-1.7B,28,1.0,1.0,1.0,0.03671186473705009,0.264291441688935,12,12,0.0015703262582938877,0.9984296737417061,1.0,1.0,1.0,0.00040914390444884985,0.005969492351802663,3.7837016430519186,0.9720005295728126
Qwen/Qwen3-1.7B,28,1.0,1.25,1.0,0.05463018708162507,0.33036431421836215,12,12,0.002357256755160325,0.9976427432448398,1.0,1.0,1.0,0.0005978202476945027,0.009106535280425043,3.0269612264156773,0.9646063118230035
Qwen/Qwen3-1.7B,28,1.0,1.5,1.0,0.07180505733384314,0.3964371681213379,12,12,0.003222765237973694,0.9967772347620262,1.0,1.0,1.0,0.0008121318230131513,0.012608300314100096,2.522467758293671,0.9571335179498925
google/gemma-3-1b-it,4,0.15384615384615385,0.25,0.23611111111111108,-0.0010705774535051764,0.01989620892951886,3,0,1.2021591683240388e-05,0.9999879784083165,0.16666666666666666,0.0,0.5,1.2364481835058783e-06,5.1988346339015834e-05,11.86713475296589,0.23410946862647597
google/gemma-3-1b-it,4,0.15384615384615385,0.5,0.375,0.0001408966509177841,0.03979241785903772,6,0,4.852520622532682e-05,0.9999514747937747,0.41666666666666663,0.16666666666666666,0.6666666666666666,4.9490119805040145e-06,0.00021089246335004308,9.423903495620195,0.3709722330078709
google/gemma-3-1b-it,4,0.15384615384615385,0.75,0.40277777777777785,0.0013519862588436127,0.059688630513846874,7,0,0.00011011431523696065,0.9998898856847629,0.5,0.16666666666666666,0.6666666666666666,1.1172205113652023e-05,0.0004807416963629185,6.747980424924227,0.39669880041115624
google/gemma-3-1b-it,4,0.15384615384615385,1.0,0.4305555555555556,0.002562463935223238,0.07958483571807544,8,0,0.00019730681949346277,0.9998026931805065,0.5,0.16666666666666666,0.6666666666666666,1.9931963882169335e-05,0.0008650159310471528,5.410019353191598,0.42239976516425454
google/gemma-3-1b-it,4,0.15384615384615385,1.25,0.48611111111111116,0.003772082419851913,0.09948105147729318,8,0,0.00031052011700246257,0.9996894798829974,0.5,0.16666666666666666,0.8333333333333334,3.1260544382683e-05,0.0013665997223494264,4.8864688805322745,0.4758524858463794
google/gemma-3-1b-it,4,0.15384615384615385,1.5,0.6944444444444445,0.004980561730218723,0.11937726102769375,11,3,0.00045005744973788026,0.9995499425502622,0.6666666666666666,0.3333333333333333,1.0,4.51932912314823e-05,0.001987748312055615,5.817224991542517,0.6820566608919373
google/gemma-3-1b-it,8,0.3076923076923077,0.25,0.09722222222222222,-0.0015236503884077102,0.023634119269748528,1,0,0.00028077380419055015,0.9997192261958094,0.0,0.0,0.5,0.000221095668292981,0.0007438358782109189,4.113636729010609,0.09457803649105682
google/gemma-3-1b-it,8,0.3076923076923077,0.5,0.44444444444444436,0.00021261890532986438,0.047268238539497055,7,0,0.001153620972359289,0.9988463790276407,0.5,0.3333333333333333,0.6666666666666666,0.00099947678421769,0.002856286320283008,9.40260022693816,0.4385639996181354
google/gemma-3-1b-it,8,0.3076923076923077,0.75,0.8055555555555555,0.0019478335291764997,0.07090235656748216,12,5,0.0026666541215314607,0.9973333458784684,0.8333333333333334,0.5,1.0,0.0025837114038582687,0.006168180220537334,11.361476274404163,0.7957986657772758
google/gemma-3-1b-it,8,0.3076923076923077,1.0,0.9722222222222222,0.0036812909656162387,0.09453647707899411,12,11,0.0048606517801936255,0.9951393482198064,1.0,0.6666666666666666,1.0,0.004922245423560789,0.010527265484659543,10.284095086057507,0.9579079227341293
google/gemma-3-1b-it,8,0.3076923076923077,1.25,1.0,0.0054122336755321465,0.1181705966591835,12,12,0.007759957660575957,0.9922400423394242,1.0,1.0,1.0,0.007707845489724918,0.016670454857412254,8.462341256181459,0.9804229826735057
google/gemma-3-1b-it,8,0.3076923076923077,1.5,1.0,0.007139806013032861,0.14180471313496432,12,12,0.011368440610609135,0.988631559389391,1.0,1.0,1.0,0.01103562603625674,0.024401440311911382,7.051951288309616,0.9744510880758944
google/gemma-3-1b-it,12,0.46153846153846156,0.25,0.09722222222222222,-0.0011017841231767318,0.020059304622312386,1,0,7.158196254931452e-05,0.9999284180374506,0.0,0.0,0.5,5.5775181616035674e-05,0.00018107442208448177,4.846736992403517,0.09514470979744166
google/gemma-3-1b-it,12,0.46153846153846156,0.5,0.44444444444444436,-1.0241711016943192e-05,0.04011860924462477,8,0,0.00027526104358097103,0.9997247389564191,0.5,0.16666666666666666,0.6666666666666666,0.00021725457861998532,0.0006857939054280004,11.078258744011798,0.44015732247640094
google/gemma-3-1b-it,12,0.46153846153846156,0.75,0.875,0.0010813004854631862,0.060177912625173725,12,9,0.0005981383158069434,0.9994018616841932,1.0,0.5,1.0,0.0004758874019835657,0.001461595075202271,14.540216109652954,0.8683840704216758
google/gemma-3-1b-it,12,0.46153846153846156,1.0,1.0,0.0021729519665261987,0.08023721848924954,12,12,0.0010334238765198251,0.9989665761234803,1.0,1.0,1.0,0.000862475463702328,0.002462792649844281,12.463042640287401,0.9909428542745552
google/gemma-3-1b-it,12,0.46153846153846156,1.25,1.0,0.0032648114660030945,0.10029652776817481,12,12,0.0015820161782200137,0.99841798382178,1.0,1.0,1.0,0.0014513939885951177,0.0036503054751026998,9.970433897841994,0.9883883310449625
google/gemma-3-1b-it,12,0.46153846153846156,1.5,1.0,0.004356955598848707,0.12035582525034745,12,12,0.0022541498765482337,0.9977458501234517,1.0,1.0,1.0,0.0022478766304480646,0.00499119238359369,8.30869561014586,0.985710267598417
google/gemma-3-1b-it,16,0.6153846153846154,0.25,0.041666666666666664,-0.004751178869157796,0.03471185592934489,0,0,2.5109109434632664e-05,0.9999748908905656,0.0,0.0,0.3333333333333333,1.5586536590783684e-05,8.284827744553525e-05,1.200358020265407,0.038170371964297546
google/gemma-3-1b-it,16,0.6153846153846154,0.5,0.5,-2.2323997823916104e-05,0.06942371185868979,10,0,9.508307829571756e-05,0.9999049169217042,0.5,0.16666666666666666,0.6666666666666666,5.861517469529787e-05,0.00031548837816008923,7.202149159011343,0.4929625457358353
google/gemma-3-1b-it,16,0.6153846153846154,0.75,1.0,0.0047068429131328455,0.10413556918501854,12,12,0.00020178971579528268,0.9997982102842048,1.0,1.0,1.0,0.0001238048691517557,0.0006727313215963981,9.602865877600697,0.9893846533657028
google/gemma-3-1b-it,16,0.6153846153846154,1.0,1.0,0.009419927273990566,0.13884742371737957,12,12,0.0003372769089768172,0.999662723091023,1.0,1.0,1.0,0.0002067227408634742,0.0011287667349431096,7.2021496777209055,0.9857779807192852
google/gemma-3-1b-it,16,0.6153846153846154,1.25,1.0,0.01410078627530952,0.1735592782497406,12,12,0.000494145947661608,0.9995058540523386,1.0,1.0,1.0,0.00029945028442740496,0.0016584723451400496,5.761719871546515,0.9821499262273643
google/gemma-3-1b-it,16,0.6153846153846154,1.5,1.0,0.018733782370353946,0.20827113837003708,12,12,0.0006658764549602273,0.99933412354504,1.0,1.0,1.0,0.00040140371493796456,0.002238489645624009,4.801433169337943,0.9785070097080361
google/gemma-3-1b-it,20,0.7692307692307693,0.25,0.013888888888888888,-0.007029406797350775,0.044248790790637337,0,0,4.2980930513932446e-05,0.9999570190694861,0.0,0.0,0.16666666666666666,3.9741589831110424e-05,9.607907266118154e-05,0.31388170166698975,0.009421028879311222
google/gemma-3-1b-it,20,0.7692307692307693,0.5,0.5694444444444444,-5.134869926496736e-05,0.08849758158127467,10,0,0.00016479654628936044,0.9998352034537108,0.5,0.3333333333333333,0.8333333333333334,0.00015633751409344088,0.00037587484493262213,6.434575611263686,0.5604298897400276
google/gemma-3-1b-it,20,0.7692307692307693,0.75,0.9722222222222223,0.006925987727333771,0.13274637050926685,12,10,0.0003550491435061846,0.9996449508564939,1.0,0.8333333333333334,1.0,0.00033716305398351354,0.000826767998510558,7.323907578439419,0.9585925360277895
google/gemma-3-1b-it,20,0.7692307692307693,1.0,0.9861111111111112,0.013875240455875118,0.17699516316254935,12,11,0.0006041804210627314,0.9993958195789373,1.0,0.8333333333333334,1.0,0.0005728267881167093,0.001436602788974839,5.57140114891994,0.9678074143737936
google/gemma-3-1b-it,20,0.7692307692307693,1.25,1.0,0.020769112903279163,0.22124395767847696,12,12,0.0009038658920896095,0.9990961341079103,1.0,1.0,1.0,0.0008538061143466003,0.0021940529965595035,4.519897245077665,0.9769717383400627
google/gemma-3-1b-it,20,0.7692307692307693,1.5,1.0,0.02758037772636655,0.2654927410185337,12,12,0.0012471927551426787,0.9987528072448573,1.0,1.0,1.0,0.0011721045577755551,0.003088815856192473,3.7665811822116053,0.9722035331430039
google/gemma-3-1b-it,23,0.8846153846153846,0.25,0.027777777777777776,-0.007424991370010135,0.043445828991631665,0,0,2.4947550460748442e-05,0.9999750524495391,0.0,0.0,0.16666666666666666,1.3115892854076439e-05,5.8601009222281064e-05,0.6393656659071125,0.023408247328153862
google/gemma-3-1b-it,23,0.8846153846153846,0.5,0.5555555555555556,-6.449797426706187e-05,0.08689165798326333,11,0,9.54910566571728e-05,0.9999045089433428,0.5,0.3333333333333333,0.6666666666666666,5.0075872869925764e-05,0.0002287803174957359,6.39365739489043,0.546770898700572
google/gemma-3-1b-it,23,0.8846153846153846,0.75,0.9722222222222223,0.007296800129089898,0.13033748790621758,12,10,0.00020559453396692962,0.9997944054660332,1.0,0.8333333333333334,1.0,0.00010922526826251389,0.0004985048489012378,7.459267193557532,0.9589828788976336
google/gemma-3-1b-it,23,0.8846153846153846,1.0,0.9722222222222223,0.014620170741235413,0.17378331596652666,12,10,0.00035007930037854923,0.9996499206996216,1.0,0.8333333333333334,1.0,0.0001949842648697464,0.0008520332191808144,5.594450542450128,0.9544938113251911
google/gemma-3-1b-it,23,0.8846153846153846,1.25,1.0,0.021867736286500638,0.21722914278507233,12,12,0.000524870865986136,0.9994751291340139,1.0,1.0,1.0,0.00030712275880717677,0.0012714412139086528,4.603433688246279,0.9777522148555066
google/gemma-3-1b-it,23,0.8846153846153846,1.5,1.0,0.029003308634546393,0.26067497581243515,12,12,0.000727071433664859,0.9992729285663353,1.0,1.0,1.0,0.0004488732311733745,0.0017381460775747204,3.836194703850623,0.9732054309850916
google/gemma-3-1b-it,26,1.0,0.25,0.1111111111111111,-0.0908676180216238,0.13829882567127547,1,0,0.002007569557424214,0.9979924304425758,0.0,0.0,0.5,0.0019477000608211226,0.006347087137130947,0.803413207145234,0.09527365898655935
google/gemma-3-1b-it,26,1.0,0.5,0.5555555555555557,0.0017859831040407208,0.27659765134255093,12,0,0.008296093093592952,0.9917039069064071,0.5,0.5,0.8333333333333334,0.008814566450261185,0.024227495242468033,2.008533090478776,0.5195996973277077
google/gemma-3-1b-it,26,1.0,0.75,0.875,0.09413013588212772,0.41489648322264355,12,6,0.017970202555123105,0.9820297974448767,0.9166666666666667,0.6666666666666666,1.0,0.019034542869367732,0.04712450731557094,2.108959738858178,0.8155401491226125
google/gemma-3-1b-it,26,1.0,1.0,0.9722222222222223,0.18059189963888098,0.5531953026851019,12,10,0.028976570740200307,0.9710234292597996,1.0,0.8333333333333334,1.0,0.03049709379374077,0.06704267465063174,1.757466485938295,0.8879261212135118
google/gemma-3-1b-it,26,1.0,1.25,1.0,0.25728467990109166,0.6914941221475601,12,12,0.03932387147844274,0.9606761285215571,1.0,1.0,1.0,0.040762558094257384,0.07967475379626776,1.4461438694993969,0.8915267163068012
google/gemma-3-1b-it,26,1.0,1.5,1.0,0.3225837275676123,0.8297929664452871,12,12,0.047851920751286275,0.9521480792487137,1.0,1.0,1.0,0.04842064688776909,0.08491834442938828,1.20511986529924,0.869168782604185
