id,group,quality_label,ambiguity_risk,scoring_risk,difficulty,issue_types,audit_note,revised,original_question,final_question,original_expected_answer,final_expected_answer
exp011_logic_001,logic,good,none,none,easy,,"Clear, deterministic item with a specific expected answer.",false,All mammals are animals. All dogs are mammals. Are dogs animals?,All mammals are animals. All dogs are mammals. Are dogs animals?,yes,yes
exp011_logic_002,logic,good,none,none,easy,,"Clear, deterministic item with a specific expected answer.",false,No reptiles are mammals. A lizard is a reptile. Is the lizard a mammal?,No reptiles are mammals. A lizard is a reptile. Is the lizard a mammal?,no,no
exp011_logic_003,logic,good,none,none,easy,,"Clear, deterministic item with a specific expected answer.",false,All red objects are colored. This apple is red. Is the apple colored?,All red objects are colored. This apple is red. Is the apple colored?,yes,yes
exp011_logic_004,logic,good,none,none,easy,,"Clear, deterministic item with a specific expected answer.",false,"If it rains, the ground is wet. It is raining. Is the ground wet?","If it rains, the ground is wet. It is raining. Is the ground wet?",yes,yes
exp011_logic_005,logic,revise,medium,none,easy,ambiguous_question,Revised: Replaced real-world lamp wording with an abstract conditional.,true,"If a lamp is on, the room is lit. The room is not lit. Can the lamp be on?","If a signal is active, an indicator is lit. The indicator is not lit. Can the signal be active?",no,no
exp011_logic_006,logic,good,none,none,easy,,"Clear, deterministic item with a specific expected answer.",false,All birds are animals. A penguin is a bird. Is a penguin an animal?,All birds are animals. A penguin is a bird. Is a penguin an animal?,yes,yes
exp011_logic_007,logic,good,none,none,easy,,"Clear, deterministic item with a specific expected answer.",false,No squares are circles. This shape is a square. Is it a circle?,No squares are circles. This shape is a square. Is it a circle?,no,no
exp011_logic_008,logic,good,none,none,medium,,"Clear, deterministic item with a specific expected answer.",false,All painters are artists. Lina is a painter. Is the conclusion that Lina is an artist valid?,All painters are artists. Lina is a painter. Is the conclusion that Lina is an artist valid?,valid,valid
exp011_logic_009,logic,good,none,none,easy,,"Clear, deterministic item with a specific expected answer.",false,All books are objects. This item is not an object. Can this item be a book?,All books are objects. This item is not an object. Can this item be a book?,no,no
exp011_logic_010,logic,good,none,none,medium,,"Clear, deterministic item with a specific expected answer.",false,A statement and its opposite cannot both be true. What is this situation called?,A statement and its opposite cannot both be true. What is this situation called?,contradiction,contradiction
exp011_logic_011,logic,good,none,none,easy,,"Clear, deterministic item with a specific expected answer.",false,All metals conduct electricity. Copper is a metal. Does copper conduct electricity?,All metals conduct electricity. Copper is a metal. Does copper conduct electricity?,yes,yes
exp011_logic_012,logic,good,none,none,easy,,"Clear, deterministic item with a specific expected answer.",false,All triangles have three sides. This shape has four sides. Is it a triangle?,All triangles have three sides. This shape has four sides. Is it a triangle?,no,no
exp011_logic_013,logic,good,none,none,easy,,"Clear, deterministic item with a specific expected answer.",false,"If an alarm rings, a sound is heard. The alarm rings. Is a sound heard?","If an alarm rings, a sound is heard. The alarm rings. Is a sound heard?",yes,yes
exp011_logic_014,logic,revise,medium,none,easy,ambiguous_question,Revised: Removed a real-world exception-prone premise.,true,"If food is spoiled, it smells bad. The food does not smell bad. Is it spoiled?","If a card is blue, it is colored. The card is not colored. Is it blue?",no,no
exp011_logic_015,logic,good,none,none,easy,,"Clear, deterministic item with a specific expected answer.",false,All teachers read books. Ada is a teacher. Does Ada read books?,All teachers read books. Ada is a teacher. Does Ada read books?,yes,yes
exp011_logic_016,logic,good,none,none,easy,,"Clear, deterministic item with a specific expected answer.",false,No fish are mammals. A whale is a mammal. Is a whale a fish?,No fish are mammals. A whale is a mammal. Is a whale a fish?,no,no
exp011_logic_017,logic,good,none,none,medium,,"Clear, deterministic item with a specific expected answer.",false,A is taller than B. B is taller than C. Is A taller than C?,A is taller than B. B is taller than C. Is A taller than C?,yes,yes
exp011_logic_018,logic,good,none,none,easy,,"Clear, deterministic item with a specific expected answer.",false,All cats are animals. All animals need water. Does a cat need water?,All cats are animals. All animals need water. Does a cat need water?,yes,yes
exp011_logic_019,logic,good,none,none,medium,,"Clear, deterministic item with a specific expected answer.",false,"If a number is even, it is divisible by two. Eight is even. Is eight divisible by two?","If a number is even, it is divisible by two. Eight is even. Is eight divisible by two?",yes,yes
exp011_logic_020,logic,good,none,none,easy,,"Clear, deterministic item with a specific expected answer.",false,All flowers are plants. This object is not a plant. Can it be a flower?,All flowers are plants. This object is not a plant. Can it be a flower?,no,no
exp011_causality_001,causality,acceptable,none,none,easy,,Explicit cause-effect direction; template wording is intentionally repetitive for control.,false,Heavy rain makes roads wet. What is the cause of wet roads?,Heavy rain makes roads wet. What is the cause of wet roads?,heavy rain,heavy rain
exp011_causality_002,causality,acceptable,none,none,easy,,Explicit cause-effect direction; template wording is intentionally repetitive for control.,false,Lack of water causes plants to wilt. What is the effect of lack of water?,Lack of water causes plants to wilt. What is the effect of lack of water?,wilting,wilting
exp011_causality_003,causality,acceptable,none,none,easy,,Explicit cause-effect direction; template wording is intentionally repetitive for control.,false,Heating ice above freezing causes it to melt. What is the effect?,Heating ice above freezing causes it to melt. What is the effect?,melting,melting
exp011_causality_004,causality,revise,low,none,easy,acceptable_answers_too_broad,Revised: Removed the context-free answer 'turns on'.,true,Pressing a light switch turns on a lamp. What is the effect of pressing the switch?,Pressing a light switch causes the lamp to turn on. What is the effect of pressing the switch?,light turns on,lamp turns on
exp011_causality_005,causality,revise,low,none,easy,acceptable_answers_too_broad,Revised: Removed the context-free answer 'shuts down'.,true,A power outage causes a computer to shut down. What is the effect of a power outage?,A power outage causes a computer to shut down. What is the effect of a power outage?,computer shuts down,computer shuts down
exp011_causality_006,causality,good,none,none,easy,,"Clear, deterministic item with a specific expected answer.",false,Sunlight allows a plant to make food. What is the cause that enables this process?,Sunlight allows a plant to make food. What is the cause that enables this process?,sunlight,sunlight
exp011_causality_007,causality,acceptable,none,none,easy,,Explicit cause-effect direction; template wording is intentionally repetitive for control.,false,Cold temperatures cause water to freeze. What is the effect of cold temperatures?,Cold temperatures cause water to freeze. What is the effect of cold temperatures?,freezing,freezing
exp011_causality_008,causality,revise,low,none,easy,weak_causal_direction,Revised: Replaced modal wording with an explicit cause and effect.,true,Dropping a glass can cause it to break. What is the likely effect?,Dropping a glass causes the glass to break. What is the effect of dropping the glass?,breaking,glass breaks
exp011_causality_009,causality,good,none,none,easy,,"Clear, deterministic item with a specific expected answer.",false,Strong wind makes leaves move. What is the cause of moving leaves?,Strong wind makes leaves move. What is the cause of moving leaves?,strong wind,strong wind
exp011_causality_010,causality,revise,low,none,easy,weak_causal_direction;acceptable_answers_too_broad,Revised: Removed modal wording and the broad answer 'sick'.,true,Eating spoiled food can cause sickness. What is the likely effect?,Eating spoiled food causes sickness. What is the effect of eating spoiled food?,sickness,sickness
exp011_causality_011,causality,revise,low,none,medium,weak_causal_direction;acceptable_answers_too_broad,Revised: Made the stated causal direction deterministic and removed broad variants.,true,"If brakes fail, a car may not stop. What is the likely effect of brake failure?",Brake failure causes a car not to stop. What is the effect of brake failure?,car does not stop,car does not stop
exp011_causality_012,causality,acceptable,none,none,easy,,Explicit cause-effect direction; template wording is intentionally repetitive for control.,false,Too much rain can cause flooding. What is the effect of too much rain?,Too much rain can cause flooding. What is the effect of too much rain?,flooding,flooding
exp011_causality_013,causality,acceptable,none,none,easy,,Explicit cause-effect direction; template wording is intentionally repetitive for control.,false,A fire produces smoke. What is the cause of smoke in this case?,A fire produces smoke. What is the cause of smoke in this case?,fire,fire
exp011_causality_014,causality,acceptable,none,none,easy,,Explicit cause-effect direction; template wording is intentionally repetitive for control.,false,Removing a battery makes a flashlight stop working. What is the effect?,Removing a battery makes a flashlight stop working. What is the effect?,flashlight stops working,flashlight stops working
exp011_causality_015,causality,revise,low,none,medium,weak_causal_direction,Revised: Removed frequency wording from the stated relation.,true,Lack of sleep often makes a person tired. What is the effect of lack of sleep?,Lack of sleep causes a person to become tired. What is the effect of lack of sleep?,tired,tired
exp011_causality_016,causality,acceptable,none,none,easy,,Explicit cause-effect direction; template wording is intentionally repetitive for control.,false,Pressing a keyboard key makes a letter appear on a screen. What is the effect?,Pressing a keyboard key makes a letter appear on a screen. What is the effect?,letter appears,letter appears
exp011_causality_017,causality,revise,low,none,easy,acceptable_answers_too_broad,Revised: Removed the one-word answer 'wet' and made the effect specific.,true,Watering dry soil makes it wet. What is the effect of watering dry soil?,Watering dry soil causes the soil to become wet. What is the effect of watering dry soil?,wet soil,soil becomes wet
exp011_causality_018,causality,acceptable,none,none,easy,,Explicit cause-effect direction; template wording is intentionally repetitive for control.,false,An infection can cause a fever. What is the effect of an infection?,An infection can cause a fever. What is the effect of an infection?,fever,fever
exp011_causality_019,causality,revise,low,none,easy,acceptable_answers_too_broad,Revised: Removed context-free answers 'flow stops' and 'stops'.,true,Closing a water valve stops water flow. What is the effect of closing the valve?,Closing a water valve causes water flow to stop. What is the effect of closing the valve?,water stops,water flow stops
exp011_causality_020,causality,acceptable,none,none,medium,,Explicit cause-effect direction; template wording is intentionally repetitive for control.,false,Rubbing hands together creates heat from friction. What is the effect of friction?,Rubbing hands together creates heat from friction. What is the effect of friction?,heat,heat
exp011_analogy_001,analogy,good,none,none,easy,,"Clear, deterministic item with a specific expected answer.",false,Bird is to nest as bee is to what?,Bird is to nest as bee is to what?,hive,hive
exp011_analogy_002,analogy,good,none,none,easy,,"Clear, deterministic item with a specific expected answer.",false,Knife is to cut as pen is to what?,Knife is to cut as pen is to what?,write,write
exp011_analogy_003,analogy,revise,medium,none,easy,multiple_plausible_answers;ambiguous_analogy_relation,Revised: Replaced the air/sky ambiguity with an animal-home relation.,true,Fish is to water as bird is to what?,Bird is to nest as dog is to what?,air,kennel
exp011_analogy_004,analogy,good,none,none,medium,,"Clear, deterministic item with a specific expected answer.",false,Hand is to glove as foot is to what?,Hand is to glove as foot is to what?,sock,sock
exp011_analogy_005,analogy,good,none,none,easy,,"Clear, deterministic item with a specific expected answer.",false,Puppy is to dog as kitten is to what?,Puppy is to dog as kitten is to what?,cat,cat
exp011_analogy_006,analogy,revise,medium,none,easy,multiple_plausible_answers,Revised: Replaced the listen/play/sing ambiguity with book/movie consumption.,true,Book is to read as song is to what?,Book is to read as movie is to what?,listen,watch
exp011_analogy_007,analogy,good,none,none,easy,,"Clear, deterministic item with a specific expected answer.",false,Eye is to see as ear is to what?,Eye is to see as ear is to what?,hear,hear
exp011_analogy_008,analogy,revise,medium,none,medium,multiple_plausible_answers,Revised: Specified that the target is a vehicle to exclude bird.,true,Wheel is to car as wing is to what?,Wheel is to bicycle as wing is to what vehicle?,airplane,airplane
exp011_analogy_009,analogy,good,none,none,easy,,"Clear, deterministic item with a specific expected answer.",false,Teacher is to school as doctor is to what?,Teacher is to school as doctor is to what?,hospital,hospital
exp011_analogy_010,analogy,revise,medium,none,easy,multiple_plausible_answers;ambiguous_analogy_relation,Revised: Replaced colony/nest ambiguity with an appliance-function relation.,true,Bee is to hive as ant is to what?,Oven is to bake as refrigerator is to what?,colony,cool
exp011_analogy_011,analogy,good,none,none,easy,,"Clear, deterministic item with a specific expected answer.",false,Toothbrush is to teeth as comb is to what?,Toothbrush is to teeth as comb is to what?,hair,hair
exp011_analogy_012,analogy,revise,medium,none,medium,multiple_plausible_answers,Revised: Replaced several plausible sun protections with an access-control relation.,true,Rain is to umbrella as sun is to what?,Lock is to key as account is to what?,sunglasses,password
exp011_analogy_013,analogy,good,none,none,easy,,"Clear, deterministic item with a specific expected answer.",false,Cow is to calf as sheep is to what?,Cow is to calf as sheep is to what?,lamb,lamb
exp011_analogy_014,analogy,good,none,none,easy,,"Clear, deterministic item with a specific expected answer.",false,Day is to night as hot is to what?,Day is to night as hot is to what?,cold,cold
exp011_analogy_015,analogy,good,none,none,easy,,"Clear, deterministic item with a specific expected answer.",false,Finger is to hand as toe is to what?,Finger is to hand as toe is to what?,foot,foot
exp011_analogy_016,analogy,good,none,none,easy,,"Clear, deterministic item with a specific expected answer.",false,Scissors are to cut as needle is to what?,Scissors are to cut as needle is to what?,sew,sew
exp011_analogy_017,analogy,revise,medium,none,medium,multiple_plausible_answers;ambiguous_analogy_relation,Revised: Replaced galaxy/constellation ambiguity with animal groups.,true,Tree is to forest as star is to what?,Fish is to school as sheep is to what?,galaxy,flock
exp011_analogy_018,analogy,revise,medium,none,medium,multiple_plausible_answers,Revised: Replaced broad farmer products with a specific creator-product relation.,true,Baker is to bread as farmer is to what?,Author is to book as composer is to what?,crops,song
exp011_analogy_019,analogy,good,none,none,medium,,"Clear, deterministic item with a specific expected answer.",false,Thermometer is to temperature as scale is to what?,Thermometer is to temperature as scale is to what?,weight,weight
exp011_analogy_020,analogy,revise,medium,none,medium,multiple_plausible_answers,Revised: Replaced song/music ambiguity with a profession-workplace relation.,true,Author is to book as composer is to what?,Chef is to kitchen as pilot is to what?,music,cockpit
exp011_definition_001,definition,good,none,none,easy,,"Clear, deterministic item with a specific expected answer.",false,What is a word that means the opposite of another word?,What is a word that means the opposite of another word?,antonym,antonym
exp011_definition_002,definition,good,none,none,medium,,"Clear, deterministic item with a specific expected answer.",false,What is the term for water changing from liquid to gas?,What is the term for water changing from liquid to gas?,evaporation,evaporation
exp011_definition_003,definition,good,none,none,easy,,"Clear, deterministic item with a specific expected answer.",false,What is a shape with three sides called?,What is a shape with three sides called?,triangle,triangle
exp011_definition_004,definition,good,none,none,medium,,"Clear, deterministic item with a specific expected answer.",false,What process lets green plants use light to make food?,What process lets green plants use light to make food?,photosynthesis,photosynthesis
exp011_definition_005,definition,revise,medium,none,easy,multiple_plausible_answers;vague_definition,Revised: Replaced author/writer/novelist ambiguity with a specific profession.,true,What do you call a person who writes a book?,What do you call a person who designs buildings?,author,architect
exp011_definition_006,definition,good,none,none,easy,,"Clear, deterministic item with a specific expected answer.",false,"What is a word that names a person, place, or thing?","What is a word that names a person, place, or thing?",noun,noun
exp011_definition_007,definition,good,none,none,easy,,"Clear, deterministic item with a specific expected answer.",false,What is the path of one object moving around another object called?,What is the path of one object moving around another object called?,orbit,orbit
exp011_definition_008,definition,good,none,none,easy,,"Clear, deterministic item with a specific expected answer.",false,What is the change from a solid to a liquid called?,What is the change from a solid to a liquid called?,melting,melting
exp011_definition_009,definition,good,none,none,easy,,"Clear, deterministic item with a specific expected answer.",false,What do you call an animal that eats plants?,What do you call an animal that eats plants?,herbivore,herbivore
exp011_definition_010,definition,good,none,none,easy,,"Clear, deterministic item with a specific expected answer.",false,What tool measures temperature?,What tool measures temperature?,thermometer,thermometer
exp011_definition_011,definition,good,none,none,medium,,"Clear, deterministic item with a specific expected answer.",false,What is a group of stars that forms a recognizable pattern called?,What is a group of stars that forms a recognizable pattern called?,constellation,constellation
exp011_definition_012,definition,revise,medium,none,medium,multiple_plausible_answers;vague_definition,Revised: Replaced democracy/republic ambiguity with a single field term.,true,What is a government in which people elect leaders called?,What is the study of weather called?,democracy,meteorology
exp011_definition_013,definition,good,none,none,easy,,"Clear, deterministic item with a specific expected answer.",false,What is the study of past events called?,What is the study of past events called?,history,history
exp011_definition_014,definition,good,none,none,easy,,"Clear, deterministic item with a specific expected answer.",false,What is a word with the same or nearly the same meaning as another word?,What is a word with the same or nearly the same meaning as another word?,synonym,synonym
exp011_definition_015,definition,good,none,none,easy,,"Clear, deterministic item with a specific expected answer.",false,What object attracts iron?,What object attracts iron?,magnet,magnet
exp011_definition_016,definition,good,none,none,easy,,"Clear, deterministic item with a specific expected answer.",false,What organ pumps blood through the body?,What organ pumps blood through the body?,heart,heart
exp011_definition_017,definition,good,none,none,easy,,"Clear, deterministic item with a specific expected answer.",false,What do you call a person who treats sick people?,What do you call a person who treats sick people?,doctor,doctor
exp011_definition_018,definition,good,none,none,easy,,"Clear, deterministic item with a specific expected answer.",false,What tool is used to cut paper?,What tool is used to cut paper?,scissors,scissors
exp011_definition_019,definition,good,none,none,medium,,"Clear, deterministic item with a specific expected answer.",false,What kind of sentence asks for information?,What kind of sentence asks for information?,question,question
exp011_definition_020,definition,good,none,none,easy,,"Clear, deterministic item with a specific expected answer.",false,What is a young frog called?,What is a young frog called?,tadpole,tadpole
