beta,mean_similarity_to_source,mean_similarity_to_target,target_minus_source_similarity,target_assignment_rate,mean_perturbation_norm,mean_relative_perturbation_norm
-1.0,0.8226935305578801,0.49432983153927806,-0.328363699018602,0.0,105.02935898996124,0.5035542249679565
-0.5,0.8843280821477656,0.6461108829763899,-0.23821719917137574,0.0,52.51467949498062,0.25177711248397827
0.0,0.9071692542659022,0.7856674235183272,-0.12150183074757503,0.0,0.0,0.0
0.25,0.8980774643316272,0.8406207431798274,-0.05745672115179978,0.0,26.25733974749031,0.12588855624198914
0.5,0.875161354568561,0.8817522274440212,0.006590872875460119,0.6666666666666666,52.51467949498062,0.25177711248397827
0.75,0.8406026259182582,0.9083889309111797,0.06778630499292149,1.0,78.77201924247092,0.3776656687259674
1.0,0.7977169042134705,0.9216859355002094,0.12396903128673886,1.0,105.02935898996124,0.5035542249679565
1.5,0.7006905445460125,0.9180057666801779,0.21731522213416532,1.0,157.54403848494184,0.7553313374519348
2.0,0.605267721391133,0.8911183226177687,0.28585060122663564,1.0,210.05871797992248,1.007108449935913
