beta,mean_target_assignment_rate,mean_target_minus_source_similarity,mean_relative_perturbation_norm,mean_ivs,mean_rsm_pearson
-1.0,0.0,-0.4216866997628684,0.5531953026851019,0.012859880733465529,0.9871401192665346
-0.5,0.0,-0.32217580622554964,0.27659765134255093,0.0050404130963290035,0.994959586903671
0.0,0.0,-0.1781450803311068,0.0,8.326672684688674e-17,1.0
0.25,0.1111111111111111,-0.0908676180216238,0.13829882567127547,0.002007569557424214,0.9979924304425758
0.5,0.5555555555555557,0.0017859831040407208,0.27659765134255093,0.008296093093592952,0.9917039069064071
0.75,0.875,0.09413013588212772,0.41489648322264355,0.017970202555123105,0.9820297974448767
1.0,0.9722222222222223,0.18059189963888098,0.5531953026851019,0.028976570740200307,0.9710234292597996
1.5,1.0,0.3225837275676123,0.8297929664452871,0.047851920751286275,0.9521480792487137
2.0,1.0,0.42082942684902663,1.1063906053702037,0.058671219312060624,0.9413287806879395
