candidate_id,task_class,original_response,normalized_response,audit_status,semantic_guard,naturalness_status,self_contained,task_clarity,lexical_shortcut_risk,redundancy_risk,length_tokens,length_band,topic_domain,provenance,source_reference,audit_reason
SRC-LOG-001,logic,Algae are photosynthetic organisms.,Algae are photosynthetic organisms.,HUMAN_REVIEW,HUMAN_REQUIRED,needs_human_review,yes,partial,low,low,4,short,biology,not_recorded,https://openstax.org/books/concepts-biology/pages/5-1-overview-of-photosynthesis,Dominant task function is not sufficiently clear for the original class without adding a premise or mechanism; human review is required.
SRC-LOG-002,logic,Groundwater is the water in saturated aquifers.,Groundwater is the water in saturated aquifers.,HUMAN_REVIEW,HUMAN_REQUIRED,needs_human_review,yes,partial,medium,medium,7,medium,earth_science,not_recorded,https://www.usgs.gov/water-science-school/science/aquifers-and-groundwater,Dominant task function is not sufficiently clear for the original class without adding a premise or mechanism; human review is required.
SRC-LOG-003,logic,Camouflage behavior does not reflect the adaptability of animals.,Camouflage behavior does not reflect the adaptability of animals.,REJECT,NOT_APPLICABLE,class_mismatch_or_unusable,yes,mismatched,low,low,9,medium,biology,not_recorded,https://naturalhistory.si.edu/education/teaching-resources/life-science/explore-animal-adaptations,The factual and task-function claim is not reliable enough to retain; repair would require a new proposition.
SRC-LOG-004,logic,Ice is water.,Ice is water.,HUMAN_REVIEW,HUMAN_REQUIRED,needs_human_review,yes,partial,low,low,3,short,earth_science,not_recorded,https://gpm.nasa.gov/education/articles/nasa-earth-science-water-cycle,Dominant task function is not sufficiently clear for the original class without adding a premise or mechanism; human review is required.
SRC-LOG-005,logic,Mass and speed are also physical quantities.,Mass and speed are also physical quantities.,HUMAN_REVIEW,HUMAN_REQUIRED,needs_human_review,yes,partial,low,low,7,medium,physics,not_recorded,https://openstax.org/books/college-physics/pages/8-3-conservation-of-momentum,Dominant task function is not sufficiently clear for the original class without adding a premise or mechanism; human review is required.
SRC-LOG-006,logic,Isolated systems conserve momentum.,Isolated systems conserve momentum.,ACCEPT_AS_IS,ORIGINAL_PRESERVED,natural,yes,clear,low,low,4,short,physics,not_recorded,https://openstax.org/books/college-physics/pages/8-3-conservation-of-momentum,"Task function is clear, the proposition is coherent and self-contained, and no substantive repair is needed."
SRC-LOG-007,logic,The ascent of water vapor is conducive to condensation into cloud droplets.,The ascent of water vapor is conducive to condensation into cloud droplets.,HUMAN_REVIEW,HUMAN_REQUIRED,needs_human_review,yes,partial,low,low,12,medium,earth_science,not_recorded,https://www.jpl.nasa.gov/edu/resources/project/make-a-cloud-in-a-bottle/,Dominant task function is not sufficiently clear for the original class without adding a premise or mechanism; human review is required.
SRC-LOG-008,logic,The superposition of tidal effects can generate stronger tides.,The superposition of tidal effects can generate stronger tides.,HUMAN_REVIEW,HUMAN_REQUIRED,needs_human_review,yes,partial,low,low,9,medium,earth_science,not_recorded,https://www.nesdis.noaa.gov/about/k-12-education/oceans-coasts/what-causes-tides,Dominant task function is not sufficiently clear for the original class without adding a premise or mechanism; human review is required.
SRC-LOG-009,logic,Rainwater can replenish the water table.,Rainwater can replenish the water table.,HUMAN_REVIEW,HUMAN_REQUIRED,needs_human_review,yes,partial,medium,medium,6,medium,earth_science,not_recorded,https://www.usgs.gov/water-science-school/science/infiltration-and-water-cycle,Dominant task function is not sufficiently clear for the original class without adding a premise or mechanism; human review is required.
SRC-LOG-010,logic,Push or pull can change the motion of an object.,Push or pull can change the motion of an object.,HUMAN_REVIEW,HUMAN_REQUIRED,needs_human_review,yes,partial,low,low,10,medium,general_science,not_recorded,https://openstax.org/books/physics/pages/4-1-force,Dominant task function is not sufficiently clear for the original class without adding a premise or mechanism; human review is required.
SRC-LOG-011,logic,Collisions that lose kinetic energy are not elastic collisions.,Collisions that lose kinetic energy are not elastic collisions.,ACCEPT_AS_IS,ORIGINAL_PRESERVED,natural,yes,clear,low,low,9,medium,physics,not_recorded,https://openstax.org/books/college-physics/pages/8-3-conservation-of-momentum,"Task function is clear, the proposition is coherent and self-contained, and no substantive repair is needed."
SRC-LOG-012,logic,Processes without light energy are not photosynthesis.,Processes without light energy are not photosynthesis.,ACCEPT_AS_IS,ORIGINAL_PRESERVED,natural,yes,clear,low,low,7,medium,biology,not_recorded,https://www.khanacademy.org/science/ap-biology/cell-structure-and-function/photosynthesis-ap/a/photosynthesis-overview,"Task function is clear, the proposition is coherent and self-contained, and no substantive repair is needed."
SRC-LOG-013,logic,Dry pores are not groundwater storage.,Dry pores do not store groundwater.,ACCEPT_SURFACE_NORMALIZED,SURFACE_ONLY_UNCHANGED,surface_normalized,yes,clear,low,low,6,medium,earth_science,not_recorded,https://www.usgs.gov/water-science-school/science/aquifers-and-groundwater,"Only grammar, wording, or terminology form was minimally normalized; the original proposition is unchanged."
SRC-LOG-014,logic,Low water levels are not high tide.,Low water levels are not high tide.,ACCEPT_AS_IS,ORIGINAL_PRESERVED,natural,yes,clear,low,low,7,medium,earth_science,not_recorded,https://prod-01-alb-www-noaa.woc.noaa.gov/jetstream/ocean/tides,"Task function is clear, the proposition is coherent and self-contained, and no substantive repair is needed."
SRC-LOG-015,logic,Features without survival functions are not adaptability.,Features without survival functions are not adaptations.,ACCEPT_SURFACE_NORMALIZED,SURFACE_ONLY_UNCHANGED,surface_normalized,yes,clear,low,low,7,medium,biology,not_recorded,https://naturalhistory.si.edu/education/teaching-resources/life-science/explore-animal-adaptations,"Only grammar, wording, or terminology form was minimally normalized; the original proposition is unchanged."
SRC-LOG-016,logic,Water vapor eventually turns into precipitation particles.,Water vapor eventually turns into precipitation particles.,HUMAN_REVIEW,HUMAN_REQUIRED,needs_human_review,yes,partial,low,low,7,medium,earth_science,not_recorded,https://gpm.nasa.gov/education/articles/nasa-earth-science-water-cycle,Dominant task function is not sufficiently clear for the original class without adding a premise or mechanism; human review is required.
SRC-LOG-017,logic,Solar energy drives the evaporation of water into the atmospheric circulation.,Solar energy drives the evaporation of water into the atmospheric circulation.,HUMAN_REVIEW,HUMAN_REQUIRED,needs_human_review,yes,partial,low,low,11,medium,physics,not_recorded,https://gpm.nasa.gov/education/articles/nasa-earth-science-water-cycle,Dominant task function is not sufficiently clear for the original class without adding a premise or mechanism; human review is required.
SRC-LOG-018,logic,The moon has a greater influence on tides than the sun.,The moon has a greater influence on tides than the sun.,ACCEPT_AS_IS,ORIGINAL_PRESERVED,natural,yes,clear,low,low,11,medium,earth_science,not_recorded,https://www.nesdis.noaa.gov/about/k-12-education/oceans-coasts/what-causes-tides,"Task function is clear, the proposition is coherent and self-contained, and no substantive repair is needed."
SRC-LOG-019,logic,Connected pores allow water movement.,Connected pores allow water movement.,HUMAN_REVIEW,HUMAN_REQUIRED,needs_human_review,yes,partial,low,low,5,short,earth_science,not_recorded,https://www.usgs.gov/water-science-school/science/aquifers-and-groundwater,Dominant task function is not sufficiently clear for the original class without adding a premise or mechanism; human review is required.
SRC-LOG-020,logic,Net force changes speed.,Net force changes speed.,HUMAN_REVIEW,HUMAN_REQUIRED,needs_human_review,yes,partial,low,low,4,short,physics,not_recorded,https://openstax.org/books/physics/pages/4-1-force,Dominant task function is not sufficiently clear for the original class without adding a premise or mechanism; human review is required.
SRC-LOG-021,logic,The momentum of a vehicle is equal to the product of its mass and velocity.,The momentum of a vehicle is equal to the product of its mass and velocity.,ACCEPT_AS_IS,ORIGINAL_PRESERVED,natural,yes,clear,low,low,15,limited_long,physics,not_recorded,https://openstax.org/books/college-physics/pages/8-3-conservation-of-momentum,"Task function is clear, the proposition is coherent and self-contained, and no substantive repair is needed."
SRC-LOG-022,logic,Rising steam cools and condenses to form clouds.,Rising steam cools and condenses to form clouds.,HUMAN_REVIEW,HUMAN_REQUIRED,needs_human_review,yes,partial,low,low,8,medium,earth_science,not_recorded,https://www.jpl.nasa.gov/edu/resources/project/make-a-cloud-in-a-bottle/,Dominant task function is not sufficiently clear for the original class without adding a premise or mechanism; human review is required.
SRC-LOG-023,logic,Precipitation can penetrate the ground and replenish groundwater.,Precipitation can penetrate the ground and replenish groundwater.,HUMAN_REVIEW,HUMAN_REQUIRED,needs_human_review,yes,partial,low,low,8,medium,earth_science,not_recorded,https://www.usgs.gov/water-science-school/science/infiltration-and-water-cycle,Dominant task function is not sufficiently clear for the original class without adding a premise or mechanism; human review is required.
SRC-LOG-024,logic,"The gravitational pull of the moon and the sun causes ocean responses, thereby forming tides.","The gravitational pull of the moon and the sun causes ocean responses, thereby forming tides.",HUMAN_REVIEW,HUMAN_REQUIRED,needs_human_review,yes,partial,low,low,15,limited_long,earth_science,not_recorded,https://www.nesdis.noaa.gov/about/k-12-education/oceans-coasts/what-causes-tides,Dominant task function is not sufficiently clear for the original class without adding a premise or mechanism; human review is required.
SRC-LOG-025,logic,Adaptability improves for foraging or movement.,Adaptability improves for foraging or movement.,REJECT,NOT_APPLICABLE,class_mismatch_or_unusable,no,mismatched,low,low,6,medium,biology,not_recorded,https://naturalhistory.si.edu/education/teaching-resources/life-science/explore-animal-adaptations,The statement is incomplete and its intended relation is unclear; substantive authorship would be required.
SRC-CAU-001,causality,Net force causes changes in the motion of an object.,Net force causes changes in the motion of an object.,ACCEPT_AS_IS,ORIGINAL_PRESERVED,natural,yes,clear,medium,medium,10,medium,physics,not_recorded,https://openstax.org/books/physics/pages/4-1-force,"Task function is clear, the proposition is coherent and self-contained, and no substantive repair is needed."
SRC-CAU-002,causality,A longer duration of force action leads to greater changes in impulse and momentum.,A longer duration of force action leads to greater changes in impulse and momentum.,HUMAN_REVIEW,HUMAN_REQUIRED,needs_human_review,yes,partial,low,low,14,limited_long,physics,not_recorded,https://openstax.org/books/college-physics/pages/8-3-conservation-of-momentum,The causal claim needs an unstated condition about force to be technically reliable; do not auto-rewrite.
SRC-CAU-003,causality,Elastic collisions transfer momentum between vehicles of equal mass.,Elastic collisions transfer momentum between vehicles of equal mass.,ACCEPT_AS_IS,ORIGINAL_PRESERVED,natural,yes,clear,low,low,9,medium,physics,not_recorded,https://openstax.org/books/college-physics/pages/8-3-conservation-of-momentum,"Task function is clear, the proposition is coherent and self-contained, and no substantive repair is needed."
SRC-CAU-004,causality,External forces cause a change in the total momentum of a system.,External forces cause a change in the total momentum of a system.,ACCEPT_AS_IS,ORIGINAL_PRESERVED,natural,yes,clear,low,low,12,medium,physics,not_recorded,https://openstax.org/books/college-physics/pages/8-3-conservation-of-momentum,"Task function is clear, the proposition is coherent and self-contained, and no substantive repair is needed."
SRC-CAU-005,causality,Changes in velocity can change momentum.,Changes in velocity can change momentum.,HUMAN_REVIEW,HUMAN_REQUIRED,needs_human_review,yes,partial,low,low,6,medium,physics,not_recorded,https://openstax.org/books/college-physics/pages/8-3-conservation-of-momentum,The relationship needs an unstated mass condition to be technically precise; do not auto-rewrite.
SRC-CAU-006,causality,Photosynthesis absorbs solar energy and can store chemical energy in carbohydrates.,Photosynthesis absorbs solar energy and can store chemical energy in carbohydrates.,ACCEPT_AS_IS,ORIGINAL_PRESERVED,natural,yes,clear,low,low,11,medium,biology,not_recorded,https://openstax.org/books/concepts-biology/pages/5-1-overview-of-photosynthesis,"Task function is clear, the proposition is coherent and self-contained, and no substantive repair is needed."
SRC-CAU-007,causality,Photosynthesis uses water and carbon dioxide to produce sugar and oxygen.,Photosynthesis uses water and carbon dioxide to produce sugar and oxygen.,ACCEPT_AS_IS,ORIGINAL_PRESERVED,natural,yes,clear,low,low,11,medium,biology,not_recorded,https://openstax.org/books/concepts-biology/pages/5-1-overview-of-photosynthesis,"Task function is clear, the proposition is coherent and self-contained, and no substantive repair is needed."
SRC-CAU-008,causality,Chlorophyll absorbs light for the purpose of photosynthesis.,Chlorophyll absorbs light for photosynthesis.,ACCEPT_SURFACE_NORMALIZED,SURFACE_ONLY_UNCHANGED,surface_normalized,yes,clear,low,low,8,medium,biology,not_recorded,https://www.khanacademy.org/science/ap-biology/cell-structure-and-function/photosynthesis-ap/a/photosynthesis-overview,"Only grammar, wording, or terminology form was minimally normalized; the original proposition is unchanged."
SRC-CAU-009,causality,Closing stomata reduces water loss in plants.,Closing stomata reduces water loss in plants.,ACCEPT_AS_IS,ORIGINAL_PRESERVED,natural,yes,clear,low,low,7,medium,biology,not_recorded,https://openstax.org/books/concepts-biology/pages/5-1-overview-of-photosynthesis,"Task function is clear, the proposition is coherent and self-contained, and no substantive repair is needed."
SRC-CAU-010,causality,"The pattern of feathers blends with the environment, enabling owls to hide through camouflage.","The pattern of feathers blends with the environment, enabling owls to hide through camouflage.",ACCEPT_AS_IS,ORIGINAL_PRESERVED,natural,yes,clear,low,low,14,limited_long,biology,not_recorded,https://naturalhistory.si.edu/education/teaching-resources/life-science/explore-animal-adaptations,"Task function is clear, the proposition is coherent and self-contained, and no substantive repair is needed."
SRC-CAU-011,causality,Sunlight heating surface water causes liquid water to evaporate.,"Sunlight heats surface water, causing liquid water to evaporate.",ACCEPT_SURFACE_NORMALIZED,SURFACE_ONLY_UNCHANGED,surface_normalized,yes,clear,medium,medium,9,medium,physics,not_recorded,https://gpm.nasa.gov/education/articles/nasa-earth-science-water-cycle,"Only grammar, wording, or terminology form was minimally normalized; the original proposition is unchanged."
SRC-CAU-012,causality,"Water vapor rises to cooler air, condenses to form cloud droplets.",Water vapor rises into cooler air and condenses to form cloud droplets.,ACCEPT_SURFACE_NORMALIZED,SURFACE_ONLY_UNCHANGED,surface_normalized,yes,clear,medium,medium,11,medium,earth_science,not_recorded,https://www.jpl.nasa.gov/edu/resources/project/make-a-cloud-in-a-bottle/,"Only grammar, wording, or terminology form was minimally normalized; the original proposition is unchanged."
SRC-CAU-013,causality,"Changes in the gravitational pull of the moon cause tidal forces, causing the ocean to bulge.","Changes in the Moon's gravitational pull create tidal forces, causing the ocean to bulge.",ACCEPT_SURFACE_NORMALIZED,SURFACE_ONLY_UNCHANGED,surface_normalized,yes,clear,medium,medium,16,limited_long,physics,not_recorded,https://www.nesdis.noaa.gov/about/k-12-education/oceans-coasts/what-causes-tides,"Only grammar, wording, or terminology form was minimally normalized; the original proposition is unchanged."
SRC-CAU-014,causality,Precipitation infiltration can replenish groundwater.,Infiltration of precipitation can replenish groundwater.,ACCEPT_SURFACE_NORMALIZED,SURFACE_ONLY_UNCHANGED,surface_normalized,yes,clear,medium,medium,5,short,earth_science,not_recorded,https://www.usgs.gov/water-science-school/science/infiltration-and-water-cycle,"Only grammar, wording, or terminology form was minimally normalized; the original proposition is unchanged."
SRC-CAU-015,causality,Extraction faster than infiltration causes the groundwater level to drop.,Groundwater extraction faster than infiltration causes the groundwater level to drop.,ACCEPT_SURFACE_NORMALIZED,SURFACE_ONLY_UNCHANGED,surface_normalized,yes,clear,medium,medium,10,medium,earth_science,not_recorded,https://www.usgs.gov/water-science-school/science/aquifers-and-groundwater,"Only grammar, wording, or terminology form was minimally normalized; the original proposition is unchanged."
SRC-CAU-016,causality,Warm water vapor contacting a cold container will condense into liquid droplets.,"When warm water vapor contacts a cold container, it condenses into liquid droplets.",ACCEPT_SURFACE_NORMALIZED,SURFACE_ONLY_UNCHANGED,surface_normalized,yes,clear,medium,medium,12,medium,earth_science,not_recorded,https://www.jpl.nasa.gov/edu/resources/project/make-a-cloud-in-a-bottle/,"Only grammar, wording, or terminology form was minimally normalized; the original proposition is unchanged."
SRC-CAU-017,causality,Rainfall infiltration can allow water in the permeable ground to enter the underground.,Rainfall infiltration can allow water in the permeable ground to enter the underground.,HUMAN_REVIEW,HUMAN_REQUIRED,needs_human_review,yes,partial,medium,medium,13,limited_long,earth_science,not_recorded,https://www.usgs.gov/water-science-school/science/infiltration-and-water-cycle,Translation-like wording makes the factual relation unclear; naturalization would require substantive rewriting.
SRC-CAU-018,causality,"Bale plates retain prey, enabling whales to filter-feed.","Bale plates retain prey, enabling whales to filter-feed.",HUMAN_REVIEW,HUMAN_REQUIRED,needs_human_review,yes,partial,low,low,9,medium,biology,not_recorded,https://naturalhistory.si.edu/education/teaching-resources/life-science/explore-animal-adaptations,The technical term and factual relation need human checking; correcting them would alter content.
SRC-CAU-019,causality,Gravity causes surface water to flow downward to lower areas.,Gravity causes surface water to flow downward to lower areas.,ACCEPT_AS_IS,ORIGINAL_PRESERVED,natural,yes,clear,medium,medium,10,medium,earth_science,not_recorded,https://www.usgs.gov/water-science-school/science/aquifers-and-groundwater,"Task function is clear, the proposition is coherent and self-contained, and no substantive repair is needed."
SRC-CAU-020,causality,A long tail can improve balance.,A long tail can improve balance.,ACCEPT_AS_IS,ORIGINAL_PRESERVED,natural,yes,clear,low,low,6,medium,general_science,not_recorded,https://naturalhistory.si.edu/education/teaching-resources/life-science/explore-animal-adaptations,"Task function is clear, the proposition is coherent and self-contained, and no substantive repair is needed."
SRC-CAU-021,causality,Satellite measurement of precipitation enables scientists to monitor large-scale rainfall.,Satellite measurement of precipitation enables scientists to monitor large-scale rainfall.,ACCEPT_AS_IS,ORIGINAL_PRESERVED,natural,yes,clear,low,low,11,medium,technology,not_recorded,https://gpm.nasa.gov/education/articles/nasa-earth-science-water-cycle,"Task function is clear, the proposition is coherent and self-contained, and no substantive repair is needed."
SRC-CAU-022,causality,Wells reaching aquifers can extract groundwater.,Wells reaching aquifers can extract groundwater.,ACCEPT_AS_IS,ORIGINAL_PRESERVED,natural,yes,clear,low,low,6,medium,technology,not_recorded,https://www.usgs.gov/water-science-school/science/aquifers-and-groundwater,"Task function is clear, the proposition is coherent and self-contained, and no substantive repair is needed."
SRC-CAU-023,causality,Cooling water vapor forms visible clouds.,Cooling water vapor forms visible clouds.,ACCEPT_AS_IS,ORIGINAL_PRESERVED,natural,yes,clear,low,low,6,medium,earth_science,not_recorded,https://www.jpl.nasa.gov/edu/resources/project/make-a-cloud-in-a-bottle/,"Task function is clear, the proposition is coherent and self-contained, and no substantive repair is needed."
SRC-CAU-024,causality,The speed at which a force is applied may change.,The speed at which a force is applied may change.,HUMAN_REVIEW,HUMAN_REQUIRED,needs_human_review,no,partial,low,low,10,medium,physics,not_recorded,https://openstax.org/books/physics/pages/4-1-force,"The sentence lacks a stated outcome, so it is not self-contained as a causal response."
SRC-CAU-025,causality,A measuring system tracking the tide level can record high and low tides for prediction.,A measuring system tracking the tide level can record high and low tides for prediction.,ACCEPT_AS_IS,ORIGINAL_PRESERVED,natural,yes,clear,low,low,15,limited_long,earth_science,not_recorded,https://prod-01-alb-www-noaa.woc.noaa.gov/jetstream/ocean/tides,"Task function is clear, the proposition is coherent and self-contained, and no substantive repair is needed."
SRC-ANA-001,analogy,"The water cycle is the process of continuous movement of water between land, ocean and atmosphere in the Earth system.","The water cycle is the process of continuous movement of water between land, ocean and atmosphere in the Earth system.",REJECT,NOT_APPLICABLE,class_mismatch_or_unusable,yes,mismatched,high,medium,20,limited_long,earth_science,not_recorded,https://naturalhistory.si.edu/education/teaching-resources/life-science/explore-animal-adaptations,"Original task_class is analogy, but this is a one-concept definition without a two-relation correspondence; a repair would add new content."
SRC-ANA-002,analogy,Evaporation is the phase change that turns liquid water into water vapor.,Evaporation is the phase change that turns liquid water into water vapor.,REJECT,NOT_APPLICABLE,class_mismatch_or_unusable,yes,mismatched,high,low,12,medium,earth_science,not_recorded,https://www.usgs.gov/water-science-school/science/aquifers-and-groundwater,"Original task_class is analogy, but this is a one-concept definition without a two-relation correspondence; a repair would add new content."
SRC-ANA-003,analogy,Photosynthesis is a biological energy process that uses light energy to help synthesize carbohydrates.,Photosynthesis is a biological energy process that uses light energy to help synthesize carbohydrates.,REJECT,NOT_APPLICABLE,class_mismatch_or_unusable,yes,mismatched,high,low,14,limited_long,biology,not_recorded,https://gpm.nasa.gov/education/articles/nasa-earth-science-water-cycle,"Original task_class is analogy, but this is a one-concept definition without a two-relation correspondence; a repair would add new content."
SRC-ANA-004,analogy,Tidal force is the gravitational effect of the difference in gravity between the moon and the sun on the sea.,Tidal force is the gravitational effect of the difference in gravity between the moon and the sun on the sea.,REJECT,NOT_APPLICABLE,class_mismatch_or_unusable,yes,mismatched,high,low,20,limited_long,physics,not_recorded,https://openstax.org/books/concepts-biology/pages/5-1-overview-of-photosynthesis,"Original task_class is analogy, but this is a one-concept definition without a two-relation correspondence; a repair would add new content."
SRC-ANA-005,analogy,Groundwater is the underground water resource that fills underground pores or fissures.,Groundwater is the underground water resource that fills underground pores or fissures.,REJECT,NOT_APPLICABLE,class_mismatch_or_unusable,yes,mismatched,high,low,12,medium,earth_science,not_recorded,https://www.khanacademy.org/science/ap-biology/cell-structure-and-function/photosynthesis-ap/a/photosynthesis-overview,"Original task_class is analogy, but this is a one-concept definition without a two-relation correspondence; a repair would add new content."
SRC-ANA-006,analogy,Momentum is a physical quantity that is the product of mass and velocity.,Momentum is a physical quantity that is the product of mass and velocity.,REJECT,NOT_APPLICABLE,class_mismatch_or_unusable,yes,mismatched,high,medium,13,limited_long,physics,not_recorded,https://openstax.org/books/concepts-biology/pages/5-1-overview-of-photosynthesis,"Original task_class is analogy, but this is a one-concept definition without a two-relation correspondence; a repair would add new content."
SRC-ANA-007,analogy,Speed is a physical quantity that describes the rate of motion with direction.,Speed is a physical quantity that describes the rate of motion with direction.,REJECT,NOT_APPLICABLE,class_mismatch_or_unusable,yes,mismatched,high,medium,13,limited_long,physics,not_recorded,https://www.jpl.nasa.gov/edu/resources/project/make-a-cloud-in-a-bottle/,"Original task_class is analogy, but this is a one-concept definition without a two-relation correspondence; a repair would add new content."
SRC-ANA-008,analogy,Conservation is the physical principle that physical quantities remain unchanged under specific conditions.,Conservation is the physical principle that physical quantities remain unchanged under specific conditions.,REJECT,NOT_APPLICABLE,class_mismatch_or_unusable,yes,mismatched,high,medium,13,limited_long,general_science,not_recorded,https://www.usgs.gov/water-science-school/science/aquifers-and-groundwater,"Original task_class is analogy, but this is a one-concept definition without a two-relation correspondence; a repair would add new content."
SRC-ANA-009,analogy,Force is the physical interaction that can change motion.,Force is the physical interaction that can change motion.,REJECT,NOT_APPLICABLE,class_mismatch_or_unusable,yes,mismatched,high,medium,9,medium,physics,not_recorded,https://www.nesdis.noaa.gov/about/k-12-education/oceans-coasts/what-causes-tides,"Original task_class is analogy, but this is a one-concept definition without a two-relation correspondence; a repair would add new content."
SRC-ANA-010,analogy,Acceleration is the physical quantity that describes the change in velocity over time.,Acceleration is the physical quantity that describes the change in velocity over time.,REJECT,NOT_APPLICABLE,class_mismatch_or_unusable,yes,mismatched,high,medium,13,limited_long,physics,not_recorded,https://naturalhistory.si.edu/education/teaching-resources/life-science/explore-animal-adaptations,"Original task_class is analogy, but this is a one-concept definition without a two-relation correspondence; a repair would add new content."
SRC-ANA-011,analogy,Well is a water extraction structure that reaches groundwater for extraction.,Well is a water extraction structure that reaches groundwater for extraction.,REJECT,NOT_APPLICABLE,class_mismatch_or_unusable,yes,mismatched,high,medium,11,medium,technology,not_recorded,https://www.usgs.gov/water-science-school/science/aquifers-and-groundwater,"Original task_class is analogy, but this is a one-concept definition without a two-relation correspondence; a repair would add new content."
SRC-ANA-012,analogy,Cloud is an aggregation of atmospheric water droplets or ice particles containing condensation.,Cloud is an aggregation of atmospheric water droplets or ice particles containing condensation.,REJECT,NOT_APPLICABLE,class_mismatch_or_unusable,yes,mismatched,high,low,13,limited_long,earth_science,not_recorded,https://openstax.org/books/concepts-biology/pages/5-1-overview-of-photosynthesis,"Original task_class is analogy, but this is a one-concept definition without a two-relation correspondence; a repair would add new content."
SRC-ANA-013,analogy,Flippers are the animal body structure that helps whales turn in water.,Flippers are the animal body structure that helps whales turn in water.,REJECT,NOT_APPLICABLE,class_mismatch_or_unusable,yes,mismatched,high,low,12,medium,biology,not_recorded,https://www.nesdis.noaa.gov/about/k-12-education/oceans-coasts/what-causes-tides,"Original task_class is analogy, but this is a one-concept definition without a two-relation correspondence; a repair would add new content."
SRC-ANA-014,analogy,Bale is the feeding structure that retains small prey while allowing water to pass through.,Bale is the feeding structure that retains small prey while allowing water to pass through.,REJECT,NOT_APPLICABLE,class_mismatch_or_unusable,yes,mismatched,high,medium,15,limited_long,biology,not_recorded,https://openstax.org/books/college-physics/pages/8-3-conservation-of-momentum,"Original task_class is analogy, but this is a one-concept definition without a two-relation correspondence; a repair would add new content."
SRC-ANA-015,analogy,Feather camouflage is the animal adaptation that blends the animal with the surrounding environment.,Feather camouflage is the animal adaptation that blends the animal with the surrounding environment.,REJECT,NOT_APPLICABLE,class_mismatch_or_unusable,yes,mismatched,high,low,14,limited_long,biology,not_recorded,https://naturalhistory.si.edu/education/teaching-resources/life-science/explore-animal-adaptations,"Original task_class is analogy, but this is a one-concept definition without a two-relation correspondence; a repair would add new content."
SRC-ANA-016,analogy,Satellite precipitation sensor is a remote sensing instrument that measures precipitation information from orbit.,Satellite precipitation sensor is a remote sensing instrument that measures precipitation information from orbit.,REJECT,NOT_APPLICABLE,class_mismatch_or_unusable,yes,mismatched,high,low,14,limited_long,technology,not_recorded,https://www.usgs.gov/water-science-school/science/aquifers-and-groundwater,"Original task_class is analogy, but this is a one-concept definition without a two-relation correspondence; a repair would add new content."
SRC-ANA-017,analogy,Well pump is a water transportation device that lifts groundwater to the surface.,Well pump is a water transportation device that lifts groundwater to the surface.,REJECT,NOT_APPLICABLE,class_mismatch_or_unusable,yes,mismatched,high,medium,13,limited_long,technology,not_recorded,https://openstax.org/books/concepts-biology/pages/5-1-overview-of-photosynthesis,"Original task_class is analogy, but this is a one-concept definition without a two-relation correspondence; a repair would add new content."
SRC-ANA-018,analogy,Tide gauge is an environmental measurement instrument that records changes in water level.,Tide gauge is an environmental measurement instrument that records changes in water level.,REJECT,NOT_APPLICABLE,class_mismatch_or_unusable,yes,mismatched,high,low,13,limited_long,technology,not_recorded,https://www.nesdis.noaa.gov/about/k-12-education/oceans-coasts/what-causes-tides,"Original task_class is analogy, but this is a one-concept definition without a two-relation correspondence; a repair would add new content."
SRC-ANA-019,analogy,Chlorophyll sensor is a light-sensitive measuring tool that detects or studies light absorption.,Chlorophyll sensor is a light-sensitive measuring tool that detects or studies light absorption.,REJECT,NOT_APPLICABLE,class_mismatch_or_unusable,yes,mismatched,high,low,14,limited_long,technology,not_recorded,https://nigms.nih.gov/biobeat/2023/12/what-is-the-immune-system,"Original task_class is analogy, but this is a one-concept definition without a two-relation correspondence; a repair would add new content."
SRC-ANA-020,analogy,Filter surface is a separation mechanism that allows water to pass through and retains particles.,Filter surface is a separation mechanism that allows water to pass through and retains particles.,REJECT,NOT_APPLICABLE,class_mismatch_or_unusable,yes,mismatched,high,medium,15,limited_long,technology,not_recorded,https://www.usgs.gov/water-science-school/science/aquifers-and-groundwater,"Original task_class is analogy, but this is a one-concept definition without a two-relation correspondence; a repair would add new content."
SRC-ANA-021,analogy,Adaptability is the biological characteristic that helps organisms survive in their environment.,Adaptability is the biological characteristic that helps organisms survive in their environment.,REJECT,NOT_APPLICABLE,class_mismatch_or_unusable,yes,mismatched,high,low,12,medium,biology,not_recorded,https://gpm.nasa.gov/education/articles/nasa-earth-science-water-cycle,"Original task_class is analogy, but this is a one-concept definition without a two-relation correspondence; a repair would add new content."
SRC-ANA-022,analogy,Immune system is the body defense system that detects and helps remove harmful substances.,Immune system is the body defense system that detects and helps remove harmful substances.,REJECT,NOT_APPLICABLE,class_mismatch_or_unusable,yes,mismatched,high,low,14,limited_long,biology,not_recorded,https://openstax.org/books/physics/pages/4-1-force,"Original task_class is analogy, but this is a one-concept definition without a two-relation correspondence; a repair would add new content."
SRC-ANA-023,analogy,Aquifer is the water-bearing geological layer that stores and transmits available groundwater.,Aquifer is the water-bearing geological layer that stores and transmits available groundwater.,REJECT,NOT_APPLICABLE,class_mismatch_or_unusable,yes,mismatched,high,low,13,limited_long,earth_science,not_recorded,https://naturalhistory.si.edu/education/teaching-resources/life-science/explore-animal-adaptations,"Original task_class is analogy, but this is a one-concept definition without a two-relation correspondence; a repair would add new content."
SRC-ANA-024,analogy,Precipitation is the water cycle transmission of water falling from the atmosphere to the surface.,Precipitation is the water cycle transmission of water falling from the atmosphere to the surface.,REJECT,NOT_APPLICABLE,class_mismatch_or_unusable,yes,mismatched,high,medium,15,limited_long,earth_science,not_recorded,https://openstax.org/books/college-physics/pages/8-3-conservation-of-momentum,"Original task_class is analogy, but this is a one-concept definition without a two-relation correspondence; a repair would add new content."
SRC-ANA-025,analogy,Chloroplast is the cellular organelle of plants that contains the photosynthesis mechanism.,Chloroplast is the cellular organelle of plants that contains the photosynthesis mechanism.,REJECT,NOT_APPLICABLE,class_mismatch_or_unusable,yes,mismatched,high,low,12,medium,biology,not_recorded,https://nigms.nih.gov/biobeat/2023/12/what-is-the-immune-system,"Original task_class is analogy, but this is a one-concept definition without a two-relation correspondence; a repair would add new content."
SRC-DEF-001,definition,"The fin-like limbs of whales can help them turn in water, just as human arms can assist in controlling body movements.","The fin-like limbs of whales can help them turn in water, just as human arms can assist in controlling body movements.",REJECT,NOT_APPLICABLE,class_mismatch_or_unusable,yes,mismatched,high,low,22,limited_long,biology,not_recorded,https://gpm.nasa.gov/education/articles/nasa-earth-science-water-cycle,"Original task_class is definition, but this compares two relations rather than defining one concept; a repair would add new content."
SRC-DEF-002,definition,"The well pump can lift groundwater, while the irrigation pump delivers water to plants; both are transporting water.","The well pump can lift groundwater, while the irrigation pump delivers water to plants; both are transporting water.",REJECT,NOT_APPLICABLE,class_mismatch_or_unusable,yes,mismatched,high,low,18,limited_long,technology,not_recorded,https://www.jpl.nasa.gov/edu/resources/project/make-a-cloud-in-a-bottle/,"Original task_class is definition, but this compares two relations rather than defining one concept; a repair would add new content."
SRC-DEF-003,definition,"Satellite sensors can observe rainfall from the sky, and the tide gauge records water levels at the shore; both are monitoring water.","Satellite sensors can observe rainfall from the sky, and the tide gauge records water levels at the shore; both are monitoring water.",REJECT,NOT_APPLICABLE,class_mismatch_or_unusable,yes,mismatched,high,low,22,limited_long,technology,not_recorded,https://openstax.org/books/concepts-biology/pages/5-1-overview-of-photosynthesis,"Original task_class is definition, but this compares two relations rather than defining one concept; a repair would add new content."
SRC-DEF-004,definition,"Chlorophyll absorbs light energy for photosynthesis, while solar panels receive sunlight to generate electricity; the principles are similar.","Chlorophyll absorbs light energy for photosynthesis, while solar panels receive sunlight to generate electricity; the principles are similar.",REJECT,NOT_APPLICABLE,class_mismatch_or_unusable,yes,mismatched,high,low,18,limited_long,technology,not_recorded,https://www.nesdis.noaa.gov/about/k-12-education/oceans-coasts/what-causes-tides,"Original task_class is definition, but this compares two relations rather than defining one concept; a repair would add new content."
SRC-DEF-005,definition,"Microscopes make tiny structures clearer, while telescopes bring distant objects closer; both expand vision.","Microscopes make tiny structures clearer, while telescopes bring distant objects closer; both expand vision.",REJECT,NOT_APPLICABLE,class_mismatch_or_unusable,yes,mismatched,high,low,14,limited_long,technology,not_recorded,https://www.usgs.gov/water-science-school/science/aquifers-and-groundwater,"Original task_class is definition, but this compares two relations rather than defining one concept; a repair would add new content."
SRC-DEF-006,definition,"Chloroplasts are part of plant cells, and leaves are part of the plant as a whole; both belong to the composition of plants.","Chloroplasts are part of plant cells, and leaves are part of the plant as a whole; both belong to the composition of plants.",REJECT,NOT_APPLICABLE,class_mismatch_or_unusable,yes,mismatched,high,low,23,limited_long,biology,not_recorded,https://openstax.org/books/college-physics/pages/8-3-conservation-of-momentum,"Original task_class is definition, but this compares two relations rather than defining one concept; a repair would add new content."
SRC-DEF-007,definition,"Water droplets gather to form clouds, and clouds participate in the water cycle; one layer contains another.","Water droplets gather to form clouds, and clouds participate in the water cycle; one layer contains another.",REJECT,NOT_APPLICABLE,class_mismatch_or_unusable,yes,mismatched,high,medium,17,limited_long,earth_science,not_recorded,https://openstax.org/books/physics/pages/4-1-force,"Original task_class is definition, but this compares two relations rather than defining one concept; a repair would add new content."
SRC-DEF-008,definition,"The water level belongs to the aquifer system, and the aquifer belongs to the groundwater storage system.","The water level belongs to the aquifer system, and the aquifer belongs to the groundwater storage system.",REJECT,NOT_APPLICABLE,class_mismatch_or_unusable,yes,mismatched,high,low,17,limited_long,earth_science,not_recorded,https://openstax.org/books/college-physics/pages/8-3-conservation-of-momentum,"Original task_class is definition, but this compares two relations rather than defining one concept; a repair would add new content."
SRC-DEF-009,definition,"Tidal bulges are manifestations of the tidal phenomenon, and the ocean is part of the Earth system.","Tidal bulges are manifestations of the tidal phenomenon, and the ocean is part of the Earth system.",REJECT,NOT_APPLICABLE,class_mismatch_or_unusable,yes,mismatched,high,medium,17,limited_long,earth_science,not_recorded,https://openstax.org/books/physics/pages/4-1-force,"Original task_class is definition, but this compares two relations rather than defining one concept; a repair would add new content."
SRC-DEF-010,definition,"Fin-like limbs are long on whales, and wings are long on owls; both are animal limbs.","Fin-like limbs are long on whales, and wings are long on owls; both are animal limbs.",REJECT,NOT_APPLICABLE,class_mismatch_or_unusable,yes,mismatched,high,low,17,limited_long,biology,not_recorded,https://openstax.org/books/physics/pages/4-1-force,"Original task_class is definition, but this compares two relations rather than defining one concept; a repair would add new content."
SRC-DEF-011,definition,"Permeable rocks allow groundwater to flow, and porous soil allows rainwater to infiltrate; both have permeability.","Permeable rocks allow groundwater to flow, and porous soil allows rainwater to infiltrate; both have permeability.",REJECT,NOT_APPLICABLE,class_mismatch_or_unusable,yes,mismatched,high,low,16,limited_long,earth_science,not_recorded,https://www.usgs.gov/water-science-school/science/aquifers-and-groundwater,"Original task_class is definition, but this compares two relations rather than defining one concept; a repair would add new content."
SRC-DEF-012,definition,"Chloroplasts are responsible for photosynthesis, and mesophyll is responsible for gas exchange; each performs its own function to support the leaf's function.","Chloroplasts are responsible for photosynthesis, and mesophyll is responsible for gas exchange; each performs its own function to support the leaf's function.",REJECT,NOT_APPLICABLE,class_mismatch_or_unusable,yes,mismatched,high,medium,22,limited_long,biology,not_recorded,https://www.jpl.nasa.gov/edu/resources/project/make-a-cloud-in-a-bottle/,"Original task_class is definition, but this compares two relations rather than defining one concept; a repair would add new content."
SRC-DEF-013,definition,"The gravitational pull of the moon mainly causes tidal bulges, while the gravitational pull of the sun enhances or weakens it.","The gravitational pull of the moon mainly causes tidal bulges, while the gravitational pull of the sun enhances or weakens it.",REJECT,NOT_APPLICABLE,class_mismatch_or_unusable,yes,mismatched,high,medium,21,limited_long,earth_science,not_recorded,https://naturalhistory.si.edu/education/teaching-resources/life-science/explore-animal-adaptations,"Original task_class is definition, but this compares two relations rather than defining one concept; a repair would add new content."
SRC-DEF-014,definition,"When the net external force is zero, momentum is conserved, and an isolated system ensures the total momentum remains unchanged; the conditions are equivalent.","When the net external force is zero, momentum is conserved, and an isolated system ensures the total momentum remains unchanged; the conditions are equivalent.",REJECT,NOT_APPLICABLE,class_mismatch_or_unusable,yes,mismatched,high,low,24,limited_long,physics,not_recorded,https://naturalhistory.si.edu/education/teaching-resources/life-science/explore-animal-adaptations,"Original task_class is definition, but this compares two relations rather than defining one concept; a repair would add new content."
SRC-DEF-015,definition,"Whale whiskers act like sieves to retain small prey, and filtration on the surface can also trap particles while allowing water to pass through.","Whale whiskers act like sieves to retain small prey, and filtration on the surface can also trap particles while allowing water to pass through.",REJECT,NOT_APPLICABLE,class_mismatch_or_unusable,yes,mismatched,high,low,24,limited_long,biology,not_recorded,https://naturalhistory.si.edu/education/teaching-resources/life-science/explore-animal-adaptations,"Original task_class is definition, but this compares two relations rather than defining one concept; a repair would add new content."
SRC-DEF-016,definition,"The aquifer contains groundwater, and clouds contain condensed water droplets; both are containers of water.","The aquifer contains groundwater, and clouds contain condensed water droplets; both are containers of water.",REJECT,NOT_APPLICABLE,class_mismatch_or_unusable,yes,mismatched,high,medium,15,limited_long,earth_science,not_recorded,https://gpm.nasa.gov/education/articles/nasa-earth-science-water-cycle,"Original task_class is definition, but this compares two relations rather than defining one concept; a repair would add new content."
SRC-DEF-017,definition,"Chloroplasts contain the machinery for photosynthesis, and leaves contain mesophyll cells; each has its own content.","Chloroplasts contain the machinery for photosynthesis, and leaves contain mesophyll cells; each has its own content.",REJECT,NOT_APPLICABLE,class_mismatch_or_unusable,yes,mismatched,high,medium,16,limited_long,biology,not_recorded,https://www.usgs.gov/water-science-school/science/aquifers-and-groundwater,"Original task_class is definition, but this compares two relations rather than defining one concept; a repair would add new content."
SRC-DEF-018,definition,"Tidal bulges occur in the ocean, and water vapor is floating in the atmosphere; both are fluid distributions on Earth.","Tidal bulges occur in the ocean, and water vapor is floating in the atmosphere; both are fluid distributions on Earth.",REJECT,NOT_APPLICABLE,class_mismatch_or_unusable,yes,mismatched,high,medium,20,limited_long,earth_science,not_recorded,https://prod-01-alb-www-noaa.woc.noaa.gov/jetstream/ocean/tides,"Original task_class is definition, but this compares two relations rather than defining one concept; a repair would add new content."
SRC-DEF-019,definition,"Bone marrow produces the raw materials for immune cells, and lymphatic vessels are responsible for transporting them; together they serve the immune system.","Bone marrow produces the raw materials for immune cells, and lymphatic vessels are responsible for transporting them; together they serve the immune system.",REJECT,NOT_APPLICABLE,class_mismatch_or_unusable,yes,mismatched,high,low,23,limited_long,biology,not_recorded,https://openstax.org/books/concepts-biology/pages/5-1-overview-of-photosynthesis,"Original task_class is definition, but this compares two relations rather than defining one concept; a repair would add new content."
SRC-DEF-020,definition,"Rock pores can store groundwater, and reservoirs can store surface water; both can store water.","Rock pores can store groundwater, and reservoirs can store surface water; both can store water.",REJECT,NOT_APPLICABLE,class_mismatch_or_unusable,yes,mismatched,high,low,15,limited_long,earth_science,not_recorded,https://naturalhistory.si.edu/education/teaching-resources/life-science/explore-animal-adaptations,"Original task_class is definition, but this compares two relations rather than defining one concept; a repair would add new content."
SRC-DEF-021,definition,"Evaporation transports surface water into the atmosphere, and transpiration transports water from the plant body into the atmosphere; the end result is the same.","Evaporation transports surface water into the atmosphere, and transpiration transports water from the plant body into the atmosphere; the end result is the same.",REJECT,NOT_APPLICABLE,class_mismatch_or_unusable,yes,mismatched,high,low,24,limited_long,biology,not_recorded,https://naturalhistory.si.edu/education/teaching-resources/life-science/explore-animal-adaptations,"Original task_class is definition, but this compares two relations rather than defining one concept; a repair would add new content."
SRC-DEF-022,definition,"Force can change the motion state of an object, and heat can change the solid, liquid, and gaseous states of water.","Force can change the motion state of an object, and heat can change the solid, liquid, and gaseous states of water.",REJECT,NOT_APPLICABLE,class_mismatch_or_unusable,yes,mismatched,high,low,21,limited_long,physics,not_recorded,https://nigms.nih.gov/biobeat/2023/12/what-is-the-immune-system,"Original task_class is definition, but this compares two relations rather than defining one concept; a repair would add new content."
SRC-DEF-023,definition,"Biological adaptation can enhance survival rates, tool design can improve operational efficiency, both are optimization methods.","Biological adaptation can enhance survival rates, tool design can improve operational efficiency, both are optimization methods.",REJECT,NOT_APPLICABLE,class_mismatch_or_unusable,yes,mismatched,high,low,16,limited_long,general_science,not_recorded,https://www.usgs.gov/water-science-school/science/aquifers-and-groundwater,"Original task_class is definition, but this compares two relations rather than defining one concept; a repair would add new content."
SRC-DEF-024,definition,"The law of conservation of momentum limits the combination of velocities after a collision, and the law of conservation of energy limits the distribution of energy before and after conversion.","The law of conservation of momentum limits the combination of velocities after a collision, and the law of conservation of energy limits the distribution of energy before and after conversion.",REJECT,NOT_APPLICABLE,class_mismatch_or_unusable,yes,mismatched,high,low,30,limited_long,physics,not_recorded,https://gpm.nasa.gov/education/articles/nasa-earth-science-water-cycle,"Original task_class is definition, but this compares two relations rather than defining one concept; a repair would add new content."
SRC-DEF-025,definition,"The immune system forms a barrier for organisms to resist bacteria, physical barriers (such as fences) prevent foreign substances from entering, and the effects are the same.","The immune system forms a barrier for organisms to resist bacteria, physical barriers (such as fences) prevent foreign substances from entering, and the effects are the same.",REJECT,NOT_APPLICABLE,class_mismatch_or_unusable,yes,mismatched,high,low,27,limited_long,biology,not_recorded,https://openstax.org/books/concepts-biology/pages/5-1-overview-of-photosynthesis,"Original task_class is definition, but this compares two relations rather than defining one concept; a repair would add new content."
