candidate_id,task_class,original_response,proposed_response,review_status,reason,human_decision,human_final_response
SRC-LOG-001,logic,Algae are photosynthetic organisms.,,HUMAN_REWRITE_REQUIRED,当前句子与冻结 task_class 的功能不够一致，需要人工处理。,,
SRC-LOG-002,logic,Groundwater is the water in saturated aquifers.,,HUMAN_REWRITE_REQUIRED,当前句子与冻结 task_class 的功能不够一致，需要人工处理。,,
SRC-LOG-003,logic,Camouflage behavior does not reflect the adaptability of animals.,,HUMAN_REWRITE_REQUIRED,陈述的概念关系可能不准确，表层修改不足。,,
SRC-LOG-004,logic,Ice is water.,,HUMAN_REWRITE_REQUIRED,当前句子与冻结 task_class 的功能不够一致，需要人工处理。,,
SRC-LOG-005,logic,Mass and speed are also physical quantities.,,HUMAN_REWRITE_REQUIRED,当前句子与冻结 task_class 的功能不够一致，需要人工处理。,,
SRC-LOG-007,logic,The ascent of water vapor is conducive to condensation into cloud droplets.,,HUMAN_REWRITE_REQUIRED,当前句子与冻结 task_class 的功能不够一致，需要人工处理。,,
SRC-LOG-008,logic,The superposition of tidal effects can generate stronger tides.,,HUMAN_REWRITE_REQUIRED,当前句子与冻结 task_class 的功能不够一致，需要人工处理。,,
SRC-LOG-009,logic,Rainwater can replenish the water table.,,HUMAN_REWRITE_REQUIRED,当前句子与冻结 task_class 的功能不够一致，需要人工处理。,,
SRC-LOG-010,logic,Push or pull can change the motion of an object.,,HUMAN_REWRITE_REQUIRED,当前句子与冻结 task_class 的功能不够一致，需要人工处理。,,
SRC-LOG-016,logic,Water vapor eventually turns into precipitation particles.,,HUMAN_REWRITE_REQUIRED,当前句子概念或事实关系不清，表层修改不足。,,
SRC-LOG-017,logic,Solar energy drives the evaporation of water into the atmospheric circulation.,,HUMAN_REWRITE_REQUIRED,当前句子与冻结 task_class 的功能不够一致，需要人工处理。,,
SRC-LOG-020,logic,Net force changes speed.,,HUMAN_REWRITE_REQUIRED,当前句子的事实关系可能不完整，表层修改不足。,,
SRC-LOG-025,logic,Adaptability improves for foraging or movement.,,HUMAN_REWRITE_REQUIRED,当前句子含义不完整，表层修改不足。,,
SRC-CAU-017,causality,Rainfall infiltration can allow water in the permeable ground to enter the underground.,,HUMAN_REWRITE_REQUIRED,当前句子含义不完整，表层修改不足。,,
SRC-CAU-018,causality,"Bale plates retain prey, enabling whales to filter-feed.",,HUMAN_REWRITE_REQUIRED,术语可能不准确，修复需要改变事实表述，需人工处理。,,
SRC-CAU-024,causality,The speed at which a force is applied may change.,,HUMAN_REWRITE_REQUIRED,当前句子缺少明确结果，表层修改不足。,,
SRC-LOG-015,logic,Features without survival functions are not adaptability.,Features without survival functions are not adaptations.,MINOR_NATURALNESS_FIX,仅改善自然表达，未增加或删减事实。,,
SRC-LOG-023,logic,Precipitation can penetrate the ground and replenish groundwater.,Precipitation can infiltrate the ground and replenish groundwater.,MINOR_NATURALNESS_FIX,仅改善自然表达，未增加或删减事实。,,
SRC-CAU-001,causality,Net force causes changes in the motion of an object.,A net force changes an object's motion.,MINOR_NATURALNESS_FIX,仅改善自然表达，未增加或删减事实。,,
SRC-CAU-008,causality,Chlorophyll absorbs light for the purpose of photosynthesis.,Chlorophyll absorbs light for photosynthesis.,MINOR_NATURALNESS_FIX,仅改善自然表达，未增加或删减事实。,,
SRC-CAU-011,causality,Sunlight heating surface water causes liquid water to evaporate.,"Sunlight heats surface water, causing liquid water to evaporate.",MINOR_NATURALNESS_FIX,仅改善自然表达，未增加或删减事实。,,
SRC-CAU-014,causality,Precipitation infiltration can replenish groundwater.,Infiltration of precipitation can replenish groundwater.,MINOR_NATURALNESS_FIX,仅改善自然表达，未增加或删减事实。,,
SRC-CAU-015,causality,Extraction faster than infiltration causes the groundwater level to drop.,Groundwater extraction faster than infiltration causes the groundwater level to drop.,MINOR_NATURALNESS_FIX,仅改善自然表达，未增加或删减事实。,,
SRC-CAU-025,causality,A measuring system tracking the tide level can record high and low tides for prediction.,A system that tracks tide level can record high and low tides for prediction.,MINOR_NATURALNESS_FIX,仅改善自然表达，未增加或删减事实。,,
SRC-LOG-024,logic,"The gravitational pull of the moon and the sun causes ocean responses, thereby forming tides.","The gravitational pulls of the Moon and the Sun cause ocean responses, thereby forming tides.",MINOR_GRAMMAR_FIX,仅修正语法、冠词、连接或标点，未改变原意。,,
SRC-CAU-010,causality,"The pattern of feathers blends with the environment, enabling owls to hide through camouflage.","Feather patterns blend with the environment, enabling owls to hide through camouflage.",MINOR_GRAMMAR_FIX,仅修正语法、冠词、连接或标点，未改变原意。,,
SRC-CAU-012,causality,"Water vapor rises to cooler air, condenses to form cloud droplets.",Water vapor rises into cooler air and condenses to form cloud droplets.,MINOR_GRAMMAR_FIX,仅修正语法、冠词、连接或标点，未改变原意。,,
SRC-CAU-013,causality,"Changes in the gravitational pull of the moon cause tidal forces, causing the ocean to bulge.","Changes in the Moon's gravitational pull create tidal forces, causing the ocean to bulge.",MINOR_GRAMMAR_FIX,仅修正语法、冠词、连接或标点，未改变原意。,,
SRC-CAU-016,causality,Warm water vapor contacting a cold container will condense into liquid droplets.,"When warm water vapor contacts a cold container, it condenses into liquid droplets.",MINOR_GRAMMAR_FIX,仅修正语法、冠词、连接或标点，未改变原意。,,
SRC-CAU-019,causality,Gravity causes surface water to flow downward to lower areas.,Gravity causes surface water to flow downward to lower areas.,MINOR_GRAMMAR_FIX,仅修正格式性空白，句子本身无需语义改写。,,
SRC-CAU-021,causality,Satellite measurement of precipitation enables scientists to monitor large-scale rainfall.,Satellite measurements of precipitation enable scientists to monitor large-scale rainfall.,MINOR_GRAMMAR_FIX,仅修正语法、冠词、连接或标点，未改变原意。,,
